367,Freeland,Qiaoxi,61089
314,Nariko,Marseille,77362
226,Addison,Liugou,22043
778,Bab,Sarulla,44137
587,Patty,Des Moines,8299
868,Drew,Shima,9517
912,Yolanthe,Fatualam,96511
584,Jonathan,Lysice,10497
862,Egor,Krajan Sumurtawang,31232
450,Farly,Tallkalakh,55486
512,Syd,Itapuranga,69534
163,Audre,‘Ajlūn,88108
230,Tymon,Kunwi,93310
72,Christin,Ortega,96686
789,Merrili,Areia Branca,59990
208,Bobbette,Rodnikovskaya,38317
893,Joey,Sebba,23703
669,Jory,Togu,69809
298,Alyce,Longmen,27425
382,Alexina,Zhushan Chengguanzhen,28637
842,Erminia,Viana do Castelo,67420
182,Leland,Wufeng,95558
185,Shepard,Casablanca,33166
519,Torrin,Puger,68856
751,Curtis,Göteborg,69365
969,Ezmeralda,Longvic,64240
903,Field,La Colorada,55834
888,Pierre,Karangtengah,90221
230,Nari,Maragogi,37142
204,Clayton,Ballisodare,22628
736,Patric,Chone,30959
709,Luelle,Bagong Pagasa,48212
584,Werner,Uwa,18296
807,Bernardina,Pingtang,21213
399,Dionysus,Baiyushan,97609
786,Dwight,Novi Sad,84088
65,Morgana,Wailiang,34465
670,Florida,Zhugang,39215
876,Shaun,Działoszyce,92470
473,Rahal,Nunleu,52822
72,Tanny,Kotel’va,91486
397,Kimmie,Buenos Aires,83716
976,Jazmin,Tost,94483
100,Aylmar,Jiantang,54701
903,Kally,Bác Ái,92976
799,Britney,Arinos,45968
924,Gilbertina,Pittsburgh,49788
758,Reeta,Zhengdun,82800
544,Massimiliano,Guider,70270
86,Luigi,Reims,53513
268,Dyanne,Dimataling,81069
42,Ingaborg,Wonokerto,10026
994,Avis,Bayt ‘Adhāqah,98238
16,Levon,Novorozhdestvenskaya,66050
999,Ulrich,Chengdong,89306
771,Daveta,Mingyihe,30306
26,Bastien,Carmen,68247
689,Violetta,Domsjö,47289
603,Emmalynne,Shuiquan,15327
371,L;urette,Makur,42879
288,Goober,Kemuning,89948
292,North,Xinbu,83165
21,Mack,Longyuanba,66664
450,Davide,Bagumbayan,41098
92,Marcile,Tieli,61043
60,Isac,Kumagunnam,36293
276,Barth,Solntsevo,69252
284,Loren,Bratislava,20710
41,Luelle,Lékoni,98143
463,Olly,Huagang,94691
819,Constance,Al Marj,47596
31,Rafaelita,Ipiaú,92609
441,Torey,Tadotsu,65654
967,Mikol,Huntington,77892
636,Nariko,Yaypan,29011
87,Gallard,Tanglag,40705
23,Arv,Milán,73561
858,Aaron,Mandal,38951
656,Silvio,Xiangshi,88221
473,Clywd,Sapucaia,23532
390,Frasquito,Bailadores,33628
317,Silva,Margara,76075
658,Violette,Del Campillo,59039
533,Remy,Staryy Oskol,91657
181,Valeria,Kula,37370
941,Elysee,Maturín,40132
412,Cris,Zhirnovsk,53875
389,Adela,Aného,14833
892,Chrystel,Bulacan,54535
861,Bud,Pio Duran,11265
921,Melany,Nanxing,54086
209,Leone,Kamaishi,50911
226,Deny,Lagoa Vermelha,31550
264,Celene,Smiltene,59559
872,Geralda,Barlinek,11453
113,Briney,Yaoundé,89017
353,Geneva,Kario,76527
892,Caresse,Giado,30480
379,Lusa,Bileća,21683
186,Bobine,Hongshan,37766
417,Neils,Batad,17530
503,Jervis,Le Lamentin,80613
97,Lorne,Trelleborg,95251
117,Welby,Belisario Dominguez,26795
808,Twila,Basarabeasca,65096
648,Brittani,Ufa,77083
390,Erena,Timezgana,53501
629,Bron,Capacho Viejo,61045
613,Kelsey,Saijō,48397
925,Arley,Ryki,79373
605,Gerry,Barrosas,78903
887,Zelda,Altenberg bei Linz,12461
308,Hubey,Claye-Souilly,22895
962,Herminia,Sumbersari Wetan,59615
90,Wain,Kaédi,67047
133,Lorrayne,Yaransk,16196
997,Curry,Fojo,60702
143,Osgood,Baixiang,85074
776,Irvin,Shuitianzhuang,39387
797,Maurine,Mercaderes,40045
868,Salomone,Shanglaxiu,75507
373,Neale,Fargo,93786
395,Adriana,Lac du Bonnet,42199
182,Kenyon,Liuhe,84325
160,Cathee,Dodu Dua,11863
719,Michail,Jacutinga,8571
264,Tessy,Złotów,95322
741,Douglas,Lashio,62016
420,Rosanna,Shidu,7851
127,Sheeree,Hedi,80346
38,Bernie,Tsimlyansk,74234
588,Letty,Nanjiao,34100
321,Kevon,Dabola,55893
700,Norbie,Eloúnda,86170
575,Adelheid,Azara,67903
553,Marie,Topolná,35312
555,Lilyan,Pinaring,5451
366,Christabel,Dingle,30346
481,Shanan,Espérance Trébuchet,29592
188,Sansone,Piła,15240
283,Vaughan,Purorejo,40044
459,Suzanna,Zabłocie,72475
944,Kerwin,Palaiochóri,5549
906,Marsiella,Bronkhorstspruit,29222
231,Mitchael,Balengbeng,39621
906,Lari,Nóvita,50055
847,Caitlin,Norrköping,42224
297,Nerissa,Xinminxiang,45426
184,Carlyle,Calais,21554
754,Dolores,Mekarjaya Satu,36136
428,Lamar,Khvastovichi,38325
298,Val,Ferme-Neuve,83841
307,Steffane,Jinrui,98466
517,Laura,Alubijid,14345
184,Arleyne,Cabeçudos,48520
962,Jenilee,Al Bāţinah,93315
849,Keelia,Stockholm,63293
714,Kerri,Linares,8955
288,Gun,Dagushan,52987
50,Erie,Padang,15311
782,Timotheus,Groznyy,20327
488,Candida,Rājo Khanāni,56873
717,Neile,Kushtia,36220
795,Ophelia,Kỳ Anh,83003
29,Margo,Guder Lao,70211
468,Morena,Opatów,31002
718,Renado,Guandukou,22970
417,Ive,Kademangan,86673
824,Rabbi,Torkanivka,7936
216,Bearnard,Ipu,74566
530,Maritsa,Pesochnoye,23717
611,Morie,Guacarí,97180
498,Emelen,Malasila,84217
675,Kirstin,Daqiao,56160
320,Meriel,Paranapanema,79059
535,Ashbey,Meilin,29037
158,Cori,Camrose,92539
745,Benedict,Mora,8415
653,Johnnie,Xunqiao,80089
208,Elnora,Genyem,10648
184,Stephana,Aminga,98999
979,Morris,Izumo,97587
9,Theobald,Jugezhuang,90139
746,Jeromy,Proletarsk,30987
64,Kylie,Moutas,84517
226,Barbe,Pasadena,67895
90,Adan,Qingjiangqiao,67690
357,Bondy,Tushi,9678
978,Hamnet,Klirou,30079
561,Royal,Candelária,29209
812,Anabelle,Pul-e Khumrī,9951
710,Harrie,Ukhta,55677
972,Aldrich,Gracias,9429
529,Joline,Omuthiya,44301
45,Joseph,Tongli,11754
237,Kimberly,Bršadin,78446
386,Ginny,Guazapa,50212
313,Yancy,Kingersheim,68918
44,Penny,Nové Město nad Metují,32831
276,Lilla,Bigoudine,39642
437,Sorcha,Phnom Penh,85617
912,Guglielma,Geshan,44402
108,Linell,Dalu,73024
179,Romona,Straszydle,76940
752,Jasun,Nowe Brzesko,40744
368,Broderick,Dengjia,87116
945,Ladonna,Nesterovskaya,68599
781,Mirelle,Sovetskoye,59599
128,Lesley,Inya,23914
110,Estevan,Ouro Preto,6837
870,Garfield,Dongyuan,12807
580,Iago,San Pedro,65095
704,Marylynne,Tanahwangko,70058
405,Eva,Estefania,38112
548,Vin,Limit,21799
762,Alayne,Cholargós,79250
112,Lance,Panunggangan,54968
875,Chico,Gemo,15544
72,Leesa,Norak,80011
610,Jaquelyn,Primorskiy,8111
246,Erhard,Hirakata,85922
656,Dominique,San Francisco,18045
876,Maudie,Simpang,10773
409,Deb,Taochuan,65498
827,Feliza,Rammūn,60858
679,Peria,Stockholm,62487
955,Garwin,Plandirejo,50955
758,Sarita,Marihatag,67698
435,Balduin,Sofia,64719
530,Simona,Dongxi,21679
196,Bronnie,Chonglou,39996
795,Celestyna,Siwalan,23481
74,Marrilee,Guanmian,94358
692,Antonin,Joševa,65454
392,Tammara,Kumanovo,70811
446,Reg,Shushicë,28285
635,Terence,Banjar Tengah,49273
472,Burt,Welchman Hall,25575
932,Farley,Lauro de Freitas,44881
718,Phil,La Vega,96667
722,Ivor,Cijoho,95014
85,Johan,Washington,7639
406,Walt,Tipaz,37682
792,Regina,Issad,53866
436,Rogerio,Dvůr Králové nad Labem,58947
361,Vladimir,Potet,79905
783,Vincent,Ciodeng,41809
498,Shea,Abelheira,20434
888,Edik,Maomiaoji,51855
497,Edgardo,Ruda-Huta,59327
443,Odey,Pantenan,48356
204,Mari,Kuala Lumpur,85189
481,Chandler,Degan,71303
82,Frances,Kanghe,8970
264,Emmi,Marićka,90850
307,Evaleen,Sinazongwe,84673
320,Billy,Wierzbica,70942
145,Garvy,Pithári,98146
605,Arvy,Mulhouse,48674
52,Eldredge,Aguilar,88423
4,Elfie,Vito,89798
357,Almeria,Pakemitan,10081
461,Genni,Kadupayung,67943
127,Rosalinde,London,76555
815,Briant,Bato,53779
454,Taber,Rudolfov,47110
491,Parsifal,Severoural’sk,92602
797,Agathe,Gaplokan,71871
997,Shoshana,Xichuan,73753
593,Domini,Longtan,29323
672,Daffy,El Capulin,8847
852,Rachel,Umeå,42342
847,Gerta,Kutloanong,78067
109,Caren,Stockholm,48071
5,Merlina,Stenungsund,50304
65,Ransell,San Ricardo,7853
215,Bay,Yunxi,35448
522,Ernesto,Várzea da Serra,94686
823,Aurie,Wārāh,13193
518,Darcy,Launceston,74391
712,Tilda,Abilay,56703
288,Giulio,Qiaoxia,86077
277,Sibel,Cotahuasi,60119
461,Andree,Nansha,20317
808,Othella,Staryy Oskol,37220
161,Murielle,Mancagahar,75228
639,Val,Zhu’ao,30112
359,Aymer,Carice,49826
332,Sonnie,Pingyang,23595
379,Gail,Magburaka,46236
222,Tabor,Koper,44366
211,Saxe,Stockholm,67897
592,Annabelle,Lederaba,8973
878,Alicea,Wierzchosławice,91620
270,Madel,Guandian,64727
138,Kelcy,Phatthalung,69703
995,Leandra,Valença,69914
407,Zia,Krajan Kerjo,85588
541,Issie,Puqian,77425
354,Breanne,Sydney,53173
44,Jase,Khon Buri,10258
742,Ree,Psevdás,62867
942,Kevin,Bronnitsy,25390
124,Roana,Arapuey,11225
711,Gregor,Jipijapa,98320
394,Ana,Jiru,83665
353,Kasper,Kraslice,22927
300,Atlanta,Kobyzhcha,58824
293,Faith,Hronov,82404
259,Fairlie,Tianzhou,91166
683,Lindsey,Palaífyto,90186
642,Uriah,Adiaké,58854
197,Horten,Bereeda,26952
930,Vivianna,São Vicente,37284
599,Chauncey,Vimieiro,26784
585,Nancey,Nansha,60592
828,Christine,Millerovo,13743
347,Arlan,Parakanpanjang,87241
563,Salomo,Mainz,47480
304,Klaus,Chennevières-sur-Marne,76481
8,Murdock,Descalvado,87572
95,Oran,Järfälla,73468
2,Mike,Salvaleón de Higüey,98919
249,Gianna,Mondoteko,18613
63,Brnaby,Raksajaya,60406
59,Mora,Laranjal Paulista,22699
917,Morie,Xuhang,64956
279,Rouvin,Maoming,90254
450,Cassandre,Samothráki,47642
987,Orelee,Rio de Moinhos,49397
879,Rodolfo,Kaduheuleut,24594
848,Jeromy,Várzea,67688
817,Morey,Góra,16524
956,Lissa,Carmen de Viboral,53868
154,Ulrick,Renyi,11332
49,Demott,Armenta,81736
701,Tibold,Huangtugang,39121
741,Dedie,Bangued,87464
70,Miriam,Fenlu,73831
674,Julee,Tolitoli,19553
911,Haydon,Káto Asítai,96742
776,Nettle,Farkhah,98287
956,Zackariah,Cauday,17000
955,Rheta,Rodniki,28805
928,Kyle,Gandong,86328
527,Mitchell,Montargis,15693
838,Lucky,Kavásilas,61962
992,Luigi,Janowiec,29167
813,Kevina,Jialu,96758
523,Roberta,Malusay,58259
385,Rolland,Awilega,62292
589,Sharyl,Puger,71328
66,Martynne,Liulimiao,70424
104,Bettye,Trąbki,70758
565,Chrystel,Mehtar Lām,32126
954,Marthe,Samothráki,83754
97,Nanette,Agía Paraskeví,69662
946,Fern,Denton,89411
710,Bogart,Itabira,45582
228,Orsola,Timahankrajan,20953
198,Hamil,Atlanta,80791
434,Mel,Zhongpai,92793
779,Janos,Giade,29485
6,Elle,Arnaía,61468
683,Maryanne,Belyye Berega,49134
746,Darla,Kusheriki,12619
844,Vinson,Kobrinskoye,23148
501,Blinnie,Mucifal,70747
694,Derby,Jianzhatan,40012
175,Hubie,Zhangxi,84101
323,Stacia,Salento,68396
27,Donal,Strizhi,97446
293,Vasily,Gubkinskiy,59871
379,Demeter,Riđica,71270
652,Benjie,Penebel,8678
705,Lacey,Muyudian,21203
355,Linn,Mbigou,42670
891,Bertha,Aksu,39225
968,Ellie,Klukeng,48064
213,Dorree,Ōsaka-shi,19035
390,Fan,Tol’yatti,71929
69,Phylys,Kamo,28481
884,Lauralee,Villa Consuelo,10927
603,Cherilyn,El Quebrachal,98089
173,Rona,Nanxing,85496
585,Elwin,Arias,60074
487,Norina,Dimitsána,85025
229,Tallie,Béboto,64710
718,Lauretta,Launceston,33064
89,Ali,Popayán,95863
852,Park,Barishāl,89797
145,Andee,Bartolomé Masó,32756
523,Eba,Meijiang,49849
212,Nisse,Faranah,19911
551,Rebe,Bajram Curri,14429
607,Barnie,Cherskiy,38594
719,Putnam,Kedrovyy,51910
826,Brendon,Wilkowice,98494
719,Egor,Merke,61677
603,Meggie,Lipci,55311
782,Shay,Ambarita,17748
148,Jase,Pithoro,65628
101,Kesley,Caen,91866
121,Clarissa,Dublin,55959
819,Olivier,Kuusjoki,63001
619,Cori,Krajanbonjor,75026
639,Ethyl,Pawa,93478
398,Linea,Santander,72305
511,Vachel,Dukuh Kaler,14414
936,Betteanne,Paris 05,64642
442,Auberon,Jianchang,60244
197,Cash,Muroto-misakicho,67410
229,Garold,Fuyang,93816
87,Anderson,Wulingyuan,46108
674,Shana,Wa,11356
355,Ewen,Ilihan,71300
667,Geralda,Dorogobuzh,24382
554,Gil,Marull,76313
154,Keir,Songkar B,92023
384,Skyler,Leiyang,63388
9,Osbourn,Warungbuah,92718
898,Augy,Kambove,62177
587,Orelia,Pesnica pri Mariboru,54776
533,Jay,Vila Verde,65132
716,Aldin,Bassar,27222
435,Percy,Katunayaka,72881
305,Leonid,Zaokskiy,28337
565,Matti,Kebonan,44074
423,Dodi,Perivólia,45387
740,Micky,Buchlovice,66100
514,Jaime,Drosáto,79419
287,Horten,Suklayin,22287
568,Andrew,Kilindoni,27830
19,Donny,Äänekoski,8072
443,Madelina,Mapaniqui,43028
924,Marta,Taradale,49009
951,Jorey,Hedong,69279
341,Lucilia,Bang Mun Nak,84503
819,Feliks,Laowobao,92661
111,Koral,Acas,45418
64,Gannie,Lappi,41581
983,Leta,Dū Qal‘ah,9342
56,Amber,Bergerac,72712
817,Marylin,Bualan,43309
126,Paxon,Shemursha,31239
903,Perkin,Maastricht,38330
261,Wilbert,Xuanhua,87467
346,Cobb,Tsimlyansk,65789
239,Ortensia,Oepula,19601
138,Hadleigh,Oslo,81441
429,Marika,Atalaia,12312
882,Karlens,Wielbark,16912
245,Bartolemo,Dahe,88024
716,Truda,Xihu,84967
906,Luce,Geneina,41540
732,Malvina,Panguna,21830
606,Olav,Chegdomyn,76738
408,Bridgette,Odiongan,16458
837,Imojean,Wodzierady,35080
847,Mathilde,Liutangting,82153
287,Rebeka,Trostyanets’,89199
749,Winnie,Sungaigerong,36160
17,Arthur,Palaióchora,47903
275,Tanya,La Cocha,64011
510,Efren,Oefau,63027
515,Kessia,Spånga,70095
235,Gib,Gīdolē,16957
564,Leonora,Palmas Bellas,43440
666,Herbie,Al Khamīs,17341
308,Dorie,Gabao,87840
174,Missie,Xing’an,10539
275,Ronny,Lugu,80116
438,Brion,Al Mushannaf,97383
132,Murray,Morong,34333
427,Nari,Payapa,98804
805,Ray,Mahīn,61021
749,Kristoffer,Presidente Epitácio,46975
179,Luther,Wenshao,57819
466,Gerhardine,Rzozów,24682
714,Madelina,Songkar B,91165
351,Fairlie,Pŭrvomaytsi,94686
161,Onfre,Fullerton,66755
660,Alverta,Mafang,67544
539,Genevra,San Isidro,12161
607,Elisa,Lutowiska,94077
428,Pinchas,Chelgard,11483
126,Vaughan,Itajaí,74609
831,Leanna,Xikou,76940
200,Tisha,Al Hadā,81588
793,Thibaud,Cahul,35389
390,Catlin,Rawa Satu,94839
719,Gilly,Szombathely,85307
120,Carri,Fenghui,91866
705,Selestina,Abuxarda,53567
45,Ofilia,Hushan,49777
232,Correna,Ōkawa,94473
165,Waldemar,Calancuasan Norte,58212
701,Kathi,Mojokerto,46122
729,Tudor,Rakitovo,13601
692,Che,Daping,85321
733,Oates,Samanco,34344
525,Cristal,Jayapura,88586
954,Norton,Lansing,22535
293,Tarah,Gualeguay,82631
750,Sofie,Sindon,27297
295,Nev,Banjar Pekandelan,35582
314,Kelvin,Sofádes,40967
996,Philipa,‘Alīābād-e Katūl,69351
392,Errol,Ouani,92144
109,Aveline,Zhong’an,68439
10,Cazzie,Rongxiang,98133
999,Nettle,El Cardo,78491
803,Lin,Osogbo,61978
174,Read,Tours,22979
455,Garek,Nocaima,21165
684,Kore,Uruguaiana,53455
707,Biddie,Eadestown,32505
360,Fin,Neuville,7213
22,Blake,Yangsi,17477
677,Tabby,Zhigalovo,70085
833,Travers,Khadzhalmakhi,66166
145,Lenci,Bangeran,96524
57,Sophia,Kifrī,86928
249,Aluin,Taibai,53397
604,Julina,Palmeira das Missões,33624
344,Thorin,Tarbes,14038
628,Fletcher,Jingzhou,7683
249,Roy,Balas,48117
460,Judah,Bằng Lũng,6537
481,Rustin,Maayong Tubig,62757
1000,Lona,Bodĭ,48465
602,Barbaraanne,Dorchester,65224
268,Ann-marie,Kalashnikovo,43384
840,Arly,Lepaterique,21251
339,Caroline,Deqing,26387
177,Torrence,Chiara,52739
85,Kanya,Independencia,7008
87,Devy,Anulid,39271
984,Bunnie,Qukës-Skënderbe,42445
943,Perl,Lwengo,9737
589,Fields,Jambubol,7913
205,Cindy,La Concepcion,37553
509,Othello,Korotych,87092
955,Gary,Tegalalang,32683
779,Gerald,Abadiânia,69713
623,Sheilah,Jiangwan,60986
27,Amalita,Birmingham,28155
162,Cole,Pueai Noi,75806
153,Ariela,Zibo,92354
884,Dunstan,Riverton,47826
755,Rikki,Beutong Ateuh,72192
441,Stephanus,Теарце,61370
470,Alick,Tantamayo,13220
762,Seamus,Batuna Satu,39606
150,Luce,Tireman Timur,81008
999,Tamara,Dinskaya,69219
179,Fraser,Tianjiazhuang,61850
304,Shalna,Buôn Trấp,91489
307,Belia,Changling,53927
59,Jessy,Argalastí,35861
277,Nolan,Baalbek,42632
273,Vanny,Luoyang,9843
624,Mildrid,Swords,8239
799,Ody,Burunday,99768
875,Rossy,Patiya,95653
358,Ramsey,Banjar Kelodan,82973
727,Prentiss,Kalmar,82993
515,Boothe,Bouzov,84819
643,Darcey,Kamba,48372
697,Skippie,Mirocin,61551
190,Noach,Berlin,88835
623,Timothea,Birowo,96918
509,Milo,Pelópion,85149
772,Marne,Thạnh Mỹ,7345
910,Annalee,Liwale,83584
82,Ranna,Cabinda,10461
893,Tamma,São Marcos,97470
695,Anthea,Neochórion,5277
184,Homerus,Dimitsána,40499
286,Winslow,Cupira,66796
22,Ryann,Kribi,8206
932,Sean,Nanwai,45049
955,Coral,Independence,30037
924,Rodina,San Vicente,46320
998,Oby,Buta Ranquil,72610
374,Felice,Zaki Biam,50505
448,Thayne,Álftanes,97283
812,Bradney,Dana,70735
538,Car,Shuidun,51001
64,Domini,Kerasochóri,90165
558,Jacques,Quilmes,23125
620,Freemon,Bar-le-Duc,5701
971,Hyatt,Arboga,59861
218,Gerri,Ketangi,99040
66,Kathie,Sukadana,55014
442,Bran,Xiangquan,54920
145,Silvester,Schroeder,96301
676,Jennifer,Campamento,85830
575,Curry,Ryazhsk,6570
734,Philly,Lubasz,41624
328,Ingemar,Hällefors,46506
816,Alick,Arroio Grande,22401
180,Anne,Créteil,94130
188,Ernest,Mapinrea,53679
805,Phaedra,Taroudant,39767
859,Ximenez,Dar Chabanne,24353
136,Vachel,Maseru,99676
440,Hana,Fresno,41275
329,Jedidiah,Pierreville,45873
873,Isidor,Rancabungur,11631
854,Winn,Katur,74764
707,Ynez,Troyes,20971
395,Corrie,Siquirres,29600
377,Hasheem,Lovas,57510
687,Gale,Enniskerry,15764
349,Reba,Mobaye,46848
254,Kynthia,Klevan’,90943
655,Iggy,Cotahuasi,62071
180,Edi,Chatan,89963
621,Stacee,Xiajiashan,12249
29,Peri,Micheng,47967
369,Adair,Alto Barinas,21404
713,Rivkah,Tianguá,5661
870,Alexia,Akashi,98747
468,Valaria,Fujisawa,65623
81,Vivianne,Saint-Brieuc,43501
27,Dom,Fier-Çifçi,86034
150,Gaelan,Jiujie,82369
94,Ange,Boju,89971
991,Elsie,Dinalongan,66166
74,Siana,Washington,36094
954,Warden,Yongxing,23322
712,Tansy,Lanot,14990
288,Ingamar,Lyubimets,10752
702,Kennedy,Nijmegen,80277
20,Justine,Privolzhsk,24051
145,Jesse,Sasa,39127
576,Royce,Fargo,6723
822,Avictor,Yeosu,41424
352,Sinclare,Wucheng,64650
771,Bambi,Smidary,39898
403,Car,Littleton,79174
563,Phylis,Laurel,71430
964,Christie,Esmeralda,42183
104,Babara,Maguling,22006
420,Tabbie,Pecoro,20475
308,Toinette,Baishan,88745
929,Donall,Hafnarfjörður,11368
707,Corenda,Wadungasri,96133
474,Dehlia,Sainyabuli,98322
842,Kris,Marvdasht,82078
405,Ariana,Karangtawar,82645
750,Gabby,Guanyinsi,68956
130,Jesse,Malasin,84135
64,Rickey,Huangjia,93896
203,Valera,Normanton,61888
8,Bronson,Yelizavetinskaya,65762
234,Tabitha,Cambarus,44491
299,Humphrey,Xujiahe,10723
323,Estel,La Esperanza,54654
388,Ondrea,Caen,26392
816,Dorelle,Tola,75071
26,Clio,Pasrukrajan Satu,10603
171,Orion,Sarajevo,50765
432,Carrissa,Garbolovo,23029
932,Gilbert,Beitou,64483
944,Bunni,Beihuaidian,41469
883,Giffy,Triandría,69904
803,Mariya,Bastos,95020
832,Letti,Zmiennica,12232
207,Lorrayne,Buy,43555
406,Lora,Banatsko Veliko Selo,15633
828,Annissa,El Quiteño,91336
427,Marthe,Shenkou,22417
739,Alan,Polje,79679
200,Craggie,Aheloy,39881
631,Sean,Tuquan,95269
559,Fanechka,São Bento,89296
862,Perceval,Helvecia,26335
819,Quincy,Baopukang,15086
767,Opalina,Teutônia,74324
615,Zelda,Argostólion,12165
734,Leroy,Crossmolina,20018
91,Jami,Ballyboden,89803
55,Findlay,Karabudakhkent,90702
224,Rebekkah,Umeå,14034
864,Shaun,Sasovo,55030
799,Viola,Kowŏn-ŭp,27199
97,Danella,Rio Branco do Sul,87519
789,Julietta,Dalo,55572
623,Raychel,Kaduseeng,58617
331,Melamie,Neryungri,68295
42,Dale,Jiangtian,20494
752,Laney,Kishk-e Nakhūd,15629
609,Willie,Żabia Wola,44128
958,Curran,Zhangdian,96099
767,Nikki,Krzeszów,28849
948,Jordain,Yeoju,71090
84,Grove,Huoshaoping,19378
209,Alexandros,Tawau,78766
787,Andros,Cakran,73138
936,Vlad,Sungaikupang,93078
120,Irwinn,Brusyanka,93229
909,Earlie,Lindavista,80885
513,Nestor,Al Jubayhah,34028
738,Frederica,Spartanburg,20822
545,Miguela,Tuzhu,31144
995,Caria,Phra Nakhon Si Ayutthaya,12717
641,Hunfredo,Sapataria,7328
82,Myrilla,Kalininaul,51919
889,Charmane,Rontu,80041
537,Norby,Mendeleyevo,10605
879,Riobard,Guyancourt,68175
728,Tammy,Jebba,76262
593,Phil,Křižanov,9612
965,Suzy,Phùng,30072
898,Yevette,Los Dos Caminos,54138
418,Gretna,Hägersten,13575
880,Izak,Misasi,20222
435,Lacey,Dadaha,93376
777,Juliane,Owczarnia,35580
536,Cindie,Nicoya,36660
517,Johnnie,Kota Kinabalu,5649
540,Gene,Batur Kidul,31250
949,Stacee,Tanghua,93084
948,Chen,Mufulira,60471
895,Eunice,Alexandria,38411
563,Lisha,San Cristóbal Verapaz,14935
57,Nicola,Lapu-Lapu City,81163
450,Delila,Káto Glikóvrisi,68765
220,Hewie,Ban Ko Lan,48792
485,Sargent,Bulbul,72962
329,Berti,Belanting,50033
324,Lilly,Delães,42273
307,Nerita,Barra,83381
905,Pierette,Meikeng,80957
609,Rozanne,Veselynove,59060
246,Rustin,Mosina,86001
904,Ky,Louny,37094
128,Sylvester,Babatngon,34001
356,Jordana,Mabua,70142
443,Mildrid,Ansongo,43136
144,Ora,Duboka,70248
338,Benyamin,Casuguran,87811
58,Riva,Bhāndāria,49051
670,Anna-diane,Maebaru,7827
978,Kai,Compiègne,87140
233,Ginger,Ormstown,29733
426,Anson,Jeding,5626
105,Fallon,Taixi,16004
146,Merill,Villeneuve-sur-Lot,82643
222,Rutger,Nageswari,61579
153,Lenee,Värnamo,56816
92,Jess,Moss,80824
385,Kare,Salerno,22407
814,Pepe,Nginokrajan,90185
483,Thedrick,Dingqiao,31384
844,Gayle,Pil’na,36838
434,Reagan,Orléans,26940
942,Inger,Daoukro,81825
598,Berri,Verdun,93284
46,Gaylord,Wenfeng Zhen,72660
256,Caz,Kopang Satu,73299
855,Cloris,Domartang,20087
765,Jaynell,Daigo,61880
715,Yul,Paoay,27870
422,Garik,Shangganshan,8473
861,Robyn,Novyy Uoyan,66858
591,Pansy,Bantuanon,15449
208,Urbano,Tsiombe,18071
412,Rinaldo,Oxelösund,76500
162,Vick,Vavatenina,60127
335,Orazio,Mazeikiai,77293
317,Sophronia,Alcabideche,68701
213,Heywood,Masape,52947
124,Susie,La Puerta de San José,74565
83,Elise,Yeghvard,76182
272,Hamlen,Palmeira,65681
246,Kahlil,Aiguo,59640
610,Max,Íquira,27018
544,Peadar,Cabreúva,80205
764,Deeann,Xinghuo,16160
888,Ervin,Kawayan,83290
795,Haily,Dar es Salaam,20707
516,Carolus,Cincinnati,71929
822,Ellis,Karantaba,51522
85,Pietrek,Faruka,52729
363,Hayden,Wakefield,75035
703,Moss,Clisson,14726
726,Erhard,Az Zāhir,62523
392,Konstantine,Brijest,44098
399,Nahum,Syriam,44946
525,Lynnett,Santiago de Baney,92993
443,Maddie,Mahaba,64398
763,Traci,Kumanovo,40036
88,Carlin,Vassouras,74931
136,Shalna,Łazy,65591
982,Jennilee,Piedra del Águila,51773
479,Elwin,Cuauhtemoc,71516
594,Mickie,Roskoshnyy,28089
186,De witt,Marina,69260
568,Dorothy,Norton,82446
707,Ileane,Ostroróg,48572
421,Janenna,Formosa do Rio Preto,65428
514,Frederique,Shcherbinka,52310
755,Karrah,Kezilei,36431
425,Roana,Nanyang,54812
5,Adan,Patos Fshat,69654
741,Shandeigh,Bánov,94683
75,Stephani,Si Racha,35906
788,Norene,Istres,82754
815,Verile,Bochov,49467
36,Kelley,Cárdenas,65941
278,Etta,Catumbela,76473
326,Fidelio,Sinop,57843
802,Harriett,Hesperange,28652
464,Giralda,Ol Kalou,56687
222,Taffy,Mersa Matruh,66855
311,Care,Zhangduangu,64639
266,Saudra,Sade,32920
131,Erina,Valence,72735
95,Aurelie,Alasmalang,61609
37,Missy,Satuba,17231
217,Phillipe,Martakert,23375
452,Trix,Harrismith,15557
96,Kandy,Georgiyevskaya,72728
985,Rollie,Tuquan,12764
756,Gisele,Jiefu,83800
708,Saxon,Wumahe,77987
687,Gaile,Salgueiro,70486
377,Beverley,Campos,22229
390,Shawn,Wan’an,24899
936,Oriana,Galutu,80207
274,Karrah,Xinzhuang,41310
169,Caressa,Eustaquio Lopez,34492
642,Kailey,Lesnikovo,11333
222,Ainslie,Tazhuang,43118
961,Lucien,Mumias,93348
859,Orelee,Slyudyanka,78498
71,Wiatt,Abakaliki,27543
659,Lethia,Vysoké Mýto,30093
829,Brit,Sinacaban,31720
489,Lishe,Langchi,94407
563,Lorelei,Lurut,5709
677,Farley,Bhāndāria,73837
430,Benetta,Pampas Chico,66021
236,Floyd,Maïné Soroa,17290
574,Fin,Magsaysay,38791
669,Zoe,Irshava,14973
94,Eba,Barretos,9878
229,Othelia,Heiiyugou,25118
740,Dolli,Bratsk,40050
226,Ester,Cololaca,57840
594,Tyrone,Jingmen,77687
476,Jefferson,Weihai,50495
835,Gisela,Changyi,81950
100,Corry,Eksjö,56561
892,Elvera,Maanas,54189
676,Waldon,Valença,26307
767,Siusan,Qixing,80054
986,Allina,Madrid,75628
713,Evangelia,Sanjing,73694
899,Bond,Tajerouine,88125
408,Krista,Chadian,80451
908,Myranda,Nerokoúros,27533
643,Charles,Tarascon,85276
444,Sonya,Sepit,27817
640,Eugen,Nové Strašecí,99130
641,Florance,Göteborg,87281
746,Flossi,El Bagre,33732
868,Arlena,Serh,20808
951,Velma,Stord,39154
405,Franklin,Nacka,64659
823,Ethyl,Luchingu,28340
887,Rainer,Chaihu,80290
905,Michaelina,Quinta,49422
896,Derwin,Taibai,29845
352,Angelita,Erenhot,45435
375,Stanwood,Miguel Hidalgo,99209
960,Shawna,São Mateus,45421
169,Melantha,Dawuhanmangli,75787
173,Ilyse,Kidal,43586
933,Genovera,Köln,13334
47,Teresita,Chum Phuang,40370
883,Lonny,Boulogne-Billancourt,14294
354,Aylmar,Wāling,22750
931,Frasco,Acobambilla,73439
321,Damiano,Sande São Lourenço,86294
768,Corrine,Huanghua,68722
16,Megen,Campo Formoso,83184
456,Jaquenetta,Dambarta,51580
438,Rodd,Chadan,35782
119,Brigit,Sanya,64551
802,Jessalin,Zürich,83825
131,Cecilio,El Peñol,62587
382,Enoch,Zhuangbu,76739
377,Caddric,Modderfontein,84626
321,Flossi,Nusajaya,34885
539,Anette,Citampian,62777
374,Lorens,Shatki,54984
904,Estrella,Guadalupe,64849
407,Stace,Zhongyuanlu,39108
712,Gherardo,Cornillon,34992
873,Dyane,Puyan,82962
14,Aila,Caringin,71381
15,Tynan,Lhokkruet,5321
414,Danie,Corinto,44171
483,Penn,Le Puy-en-Velay,82715
3,Marlo,Guihing Proper,85217
29,Nickolaus,Kivijärvi,96612
604,Delinda,Brušperk,95020
399,Avigdor,Perreng,7228
863,Penny,Sanbao,98164
853,Wyatan,Dukou,59259
115,Ronny,Runsonglaozhai,96793
458,Clemente,Sankt Andrä-Höch,80849
236,Niall,Sangojar,88825
320,Quinn,Padre Las Casas,67521
66,Rania,Shemonaīkha,13117
670,Oona,Seren Barat,67940
342,Ole,Obama,60108
746,Caritta,Bambari,99838
979,Hilda,Tokmok,74763
595,Cordie,Ríohacha,18687
872,Bobette,Oelui,93221
988,Noland,Ancasti,43947
585,Renard,Xunhe,30617
916,Emmye,El Paso,17262
420,Hersch,Gracias,87457
562,Kial,Lingyuan,43974
293,Kelci,Rabat,29760
786,Brigitta,Paris 09,35076
825,Clayborne,Ternovka,52736
741,Falkner,Creil,22964
418,Ealasaid,Sugihmukti,25757
325,Ryan,Sobang,13047
928,York,El Soberbio,52462
970,Heidi,Ludishan,60028
802,Dyan,Chiara,20172
899,Gerianne,Xinglongchang,86271
731,Axel,Amiens,34905
638,Hilario,Adare,11284
454,Virgie,Néa Ionía,50750
786,Grant,Sumberrejo,8713
161,Melany,Tangub,25067
418,Patrica,Carmen,85343
249,Herschel,Lais,36982
100,Saunder,Shāhzādpur,61644
112,Briggs,Jiefang,95174
833,Fremont,Huallanca,54845
368,Dyann,Guadalupe Victoria,91785
801,Agace,San Diego,13348
59,Dun,Nemyriv,15861
772,Normand,Meixian,68360
206,Ina,Bribir,55279
836,Porty,Pyay,96173
995,Leontyne,Novosheshminsk,88223
909,Abbott,La Concepcion,12114
467,Emlen,Manique,23305
807,Enriqueta,Lota,6846
801,Sal,Zhangzhishan,73177
591,Elsi,Kadyy,65836
149,Caz,Psary,16304
354,Niel,Guniushan,96199
577,Kathlin,Rakvere,78316
154,Pancho,Heping,86740
280,Noah,Shihuang,15627
356,Deborah,Lafiagi,74964
572,Jobina,Göteborg,27534
151,Clari,Santa Monica,62836
227,Lionel,Weiqi,67968
844,Tiena,Pilang,94994
377,Tarrah,Velyki Kopany,44635
540,Skyler,Wichita,81004
111,Seline,Huangcun,19957
200,Sally,Debark’,5605
701,Ethel,Kostrovo,99783
363,Ingra,Phú Mỹ,60791
353,Cinda,Tumbagaan,20317
760,Ginger,Tambulig,86920
238,Sharona,Thị Trấn Ngải Giao,64970
995,Ronica,Majagual,18188
208,Rebbecca,Cipinang,12312
76,Merilyn,Trollhättan,46866
1,Terrel,Yajiang,80105
509,Andree,Yaozhanzi,75874
141,Luce,Jorong,75678
677,Curtice,Oslo,33742
615,Susy,Capira,93182
186,Marlene,Norfolk,49556
122,Ardelle,Pubu,23067
97,Gonzales,Bagnères-de-Bigorre,44910
745,Stephani,Duantan,23912
635,Blanca,Zbraslavice,26034
9,Alisha,Moate,52473
888,Lew,Aheloy,6171
455,Meade,Ksawerów,69006
655,Eward,Daiyue,83861
174,Ynez,Wufeng,18666
774,Valina,Ribeiro,49244
