87,Chloette,Cikananga,48967
987,Felipa,Lazo,86960
512,Dudley,Duyure,15252
113,Kerry,Oenaik,94239
260,Danya,Horodyshche,14533
337,Ulises,Rio Claro,49755
102,Brandice,Glugur Krajan,29844
8,Saundra,Samut Songkhram,65987
159,Daryle,Kazo,43271
413,Eugine,Tororo,40176
630,Solomon,Kotovsâ€™k,89829
702,Oralle,ChÃ£os,68378
131,Haily,Baishi,10690
641,Bibbie,Ballitoville,53753
574,Orelia,Daniwato,12540
330,Steffi,Los Angeles,73035
621,Kesley,Pulopaya,88468
933,Erhard,Eg-Uur,73163
455,Juan,Eling,49300
441,Rikki,Polloc,70219
137,Tammie,Taldom,26748
713,Randolf,Butembo,51809
10,Harmon,Vaulx-en-Velin,71814
55,Rozina,General Luna,52357
506,Clem,Itapemirim,86259
1,Emogene,SkÃ¶vde,70656
86,Christin,Shuikou,64920
927,Boone,Liaoyang,70589
771,Desdemona,Semerak,17719
432,Jacynth,Kuala Tuha,74967
454,Yves,Masebewa,13173
869,Johann,Fengle,11972
867,Kalle,Xialu,80936
666,Quintana,Karmai,23404
245,Cicily,Patos,42049
801,Lind,JasieÅ„,35062
839,Leticia,Richmond,52049
958,Sonny,Dianbu,44485
753,Pier,Betong,22949
120,Broderick,Hukou,52285
680,Mordy,Nanganga,6114
888,Riordan,Nalâ€™chik,66848
830,Ricoriki,Lianghu,55309
17,Tanney,Kutapanjang,37124
619,Jody,PÄ�kpattan,81222
696,Westleigh,Xidajie,80158
972,Reagan,NÃ©a KarvÃ¡li,43663
880,Hadrian,Fort Smith,14670
629,Prisca,Erlangkou,77319
708,Flore,Antigonish,8996
416,Juditha,Itu,11097
242,Susette,Dniprovka,86034
866,Waylon,Temanjang,18525
226,Marijn,Honolulu,47778
119,Pepi,Atlasovo,72981
591,Lian,San Sebastian,84270
384,Perri,Vaggeryd,86083
613,Melodee,StaniÅ¡iÄ‡,86758
870,Miof mela,Zgornje Gorje,90378
264,Jobina,Krasnaya Polyana,8340
550,Anna-maria,Hejiadong,31777
725,Mohandis,Laoxingchang,15070
721,Nanon,Arrah,83880
947,Bram,Kasangulu,68544
909,Yule,Kangar,63388
216,Mavra,VÅ© Quang,47841
324,Beverly,Ketapang,27341
607,Keene,Sawoi,33983
509,Karim,Bandong,94074
734,Linnell,Khao Wong,97424
984,Ashia,Mocho,49538
289,Vonny,Independencia,74217
646,Edgardo,Sabaneta,97362
498,Vinni,Log,57254
348,Abagail,QuintÃ£s,20592
152,Ara,Cibetung Dua,84294
41,Gaston,Montreuil,50120
282,Garv,Koundara,73628
723,Bernadina,Badu,25383
455,Melinda,Al MunÄ«rah,36960
483,Tadd,Bergen,89315
960,Talbot,RÃ¡quira,66757
713,Alisander,Francisco I Madero,34433
1,Kenny,Cikou,87959
397,Madlin,Bandong,13019
843,Lionel,Stari Grad,73302
110,Kenton,Cikaduen,7388
730,Dreddy,Taquari,32220
615,Alister,Tapera,12933
331,Mary,ZaÅ¡ovÃ¡,9226
590,Harper,Beltinci,81648
597,Gisela,Sabang,75958
837,Udell,Xinghua,55327
361,Lucienne,Verona,57850
480,Tammy,Rosario,10756
257,Di,Guancangping,83847
347,Nikolos,NahrÄ«n,24192
816,Lauritz,Lazeshchyna,36160
997,Margie,Paombong,73779
741,Cullie,Chicago,74706
719,Addy,Ciburial,60498
454,Sharity,Trondheim,15670
760,Leeanne,Kojagete,32934
434,Suzette,Stockholm,13387
523,Amargo,Tawangsari,26211
777,Sadella,Zungeru,86888
81,Kathrine,Uchkeken,32003
224,Alia,Goianira,98884
764,Tim,Chunjing,47107
920,Alonzo,BaratÃ£,23437
791,Carie,Å�Ä™knica,48318
899,Angelita,Eiriz,17740
577,Dodi,Jega,14399
714,Emmaline,Bulod,5259
384,Joyce,Koygorodok,11874
193,Bev,Yashiga,18260
638,Lilly,Horta,25569
52,Allison,Goundam,9465
49,Berenice,Ban Bang Kadi Pathum Thani,50548
428,Nadean,Lafayette,33660
341,Dari,Yuefeng,24086
78,Kent,Kalwaria Zebrzydowska,38699
565,Lula,Wenquan,79224
120,Forbes,Ancol,49304
28,Ethe,Shigu,58399
803,Davin,Yushang,73261
9,Jyoti,Espumoso,57613
166,Randi,Khun Han,35627
753,Binky,Wenfu,88574
835,Rosy,Gniechowice,36250
647,Bern,Kacangan Lor,19539
452,Kora,Bamban,35386
746,Eldridge,Paldit,43404
212,Teri,LÄ�liÄ�n,55560
753,Joey,Caibiran,99347
22,Crichton,Williston,87100
259,Anthea,San Andres,52404
304,Geoffry,Saint-Constant,5402
434,Charlotte,AtyrÃ¡,71673
528,Alyssa,Ajaccio,79081
291,Krista,Senta,16962
684,Midge,Laurel,11229
267,Laure,Borok,59741
974,Valera,Sasolburg,78560
768,Averyl,Kabuynan,43396
34,Tim,Vysotskoye,99184
987,Andie,Huoshaoping,48004
563,Jeane,Piracaia,52163
868,Winne,Purral,67043
345,Dannye,Gaula,5682
691,Jarvis,Grekan,86476
454,Leopold,Sunduan,31175
149,Guthry,Longjumeau,97601
139,Casie,Anle,95665
165,Nicky,Kiaranonggeng,46934
267,Cosimo,Koumac,65139
547,Jana,Punta Cana,83188
342,Rance,Koysinceq,9291
578,Sisile,CaicÃ³,35559
840,Celestyn,Ã„ngelholm,16941
301,Haskel,Lamakera Dua,24448
181,Felicity,Uchiza,8199
481,Amby,Curry,91254
860,Herman,Gorna Oryakhovitsa,22148
810,Keefe,Ganzi,48479
225,Melita,Stapleford,67680
251,Barry,Aihua,10257
812,Winifield,Tamanan,25879
920,Marty,Changjiang,73487
769,Mariya,Otyniya,70625
339,Sunshine,Serzedelo,73730
114,Ailene,Mabasa,66134
780,Rhoda,Halteu,16421
494,Ari,Legen,24652
974,Brooke,Marfino,55511
445,Blanch,Truskolasy,22436
368,Konstantin,Buzdyak,46568
359,Amabel,Caoping,95084
907,Malia,Gushan,26299
582,Darby,Cimuncang,37953
436,Dexter,Becerril,42531
181,Janel,Prachuap Khiri Khan,77330
235,Saundra,An NÄ�ÅŸirah,51863
693,Allianora,Arevshat,38140
816,Arnoldo,Chengjiao Chengguanzhen,21718
606,Willa,Oceanside,82628
53,Carole,Penitik,7816
413,Tamarra,Shangju,51794
801,Luca,Kalipucang,16273
996,Cazzie,Wongka,69278
162,Cull,BÅ™ezovÃ¡,49901
121,Bary,Sapporo,10737
926,Phil,Gaoqiao,27329
323,Juliann,Taishang,96663
802,Brynn,Tsagaan-Ovoo,98164
765,Hillery,Xingcheng,56418
33,Hastie,Stord,96336
113,Garvy,Sale,63594
634,Fancie,Rashaant,66046
242,Ezri,Tolbazy,96443
966,Sharron,Praingkareha,55895
395,Toddie,Cergy-Pontoise,8159
105,Conney,San Juan de la Maguana,50022
491,Reinald,Soba,96102
379,Chlo,Rennes,18027
129,Maryellen,Toyokawa,47127
284,Tanhya,Elbasan,51730
324,Nathalia,Guniushan,35106
496,Jacquette,HornÃ­ Cerekev,40573
904,Cinda,BÃ©boto,35457
814,Padgett,Villa de Soto,72434
265,Hamel,Poligny,84700
928,Cthrine,Mokronog,26145
60,Ninetta,Khagrachhari,18900
424,Beatriz,Vallenar,29092
284,Cynthy,Sampangan,24660
247,Fransisco,Byumba,18360
890,Giulietta,Phuket,73777
416,Kenon,ShÄ�hpur ChÄ�kar,95576
916,Fae,Jibu,87339
202,Alicia,Villa Dolores,77136
385,Cairistiona,Yihe,18292
512,Ernst,Kanugrahan,60844
858,Catrina,Myrnyy,29465
45,Yardley,Puzi,87203
669,Amberly,Keffi,86310
999,Bing,Gunungkendeng,55009
798,Elsinore,Umbuldamar,50761
40,Lynnell,Lipno,13907
589,Valeda,General Lavalle,88305
171,Daniela,Hanting,6215
760,Valma,Eskilstuna,91346
260,Gianna,Nyima,74088
62,Boycie,Molodizhne,45141
873,Selma,Nanshi,83368
784,Annetta,Anding,46254
909,Nico,Kalbugan,17257
908,Zacharia,Porkhov,67183
726,Nevins,Bujanovac,75370
879,Rebe,Monte Novo,77650
584,Eric,Poissy,88226
951,Anabella,Haunubenak,94173
629,Cyndie,Tongyang,68341
722,Prudence,Idanre,95488
441,Aleta,Lewolang,84563
592,Sancho,Jawornik Polski,19465
316,Meridith,â€˜AÅŸÄ«rah ash ShamÄ�lÄ«yah,99903
536,Mariel,Yimamu,64030
212,Audrie,Asembagus,52375
462,Elle,Jalgung,73935
342,Jeralee,SaltsjÃ¶baden,20551
967,Germaine,Miranda,30183
931,Clotilda,Voskresensk,16603
29,Cherin,Vidin,13337
263,Carleen,Beselga,39050
750,Anna,El Limon,48250
232,Hadrian,Huangpi,71794
996,Alexio,Parajara,41377
498,Edgardo,Urshelâ€™skiy,84174
361,Terencio,Feicheng,72391
117,Anthiathia,Sidomakmur,87107
814,Eugenia,Cilongkrangpusaka,14243
792,Lodovico,Mizur,16476
79,Rubia,Kleszczewo,77589
622,Basile,Huaribamba,19521
547,Asia,Antanifotsy,44137
989,Bradan,Darpas,93404
402,Corenda,TeknÄ�f,54159
455,Kariotta,Chaloem Phra Kiat,53383
406,Billi,Taojiahe,99609
578,Pepito,Bukovany,18246
652,Marlena,Kampinos,23686
105,Patrizio,Yangcun,35030
55,Stavros,Wonorejo,31802
668,Shawna,Slavonice,11422
649,Maxine,Cachoeirinha,58321
762,Walt,Sagua de TÃ¡namo,16683
285,Nettie,La Paz,94693
974,Rachael,Corvite,72854
725,Urban,La ManÃ¡,9658
400,Ramon,Shyroke,88900
988,Hugibert,Tudela,8149
475,Adan,NÄƒm CÄƒn,37403
243,Raynell,Nanterre,58729
755,Husain,Bilice,70177
273,Tildy,Ä€dÄ«s Zemen,46526
951,Eustacia,Salsipuedes,73308
91,Jaquenette,Askim,99549
720,Kacie,Shitun,86131
292,Ignace,Taliouine,37938
923,Erich,Peoria,30681
575,Layne,Jinquan,76492
739,Jeanie,Johogunung,7138
903,Papageno,Corujeira,13946
492,Edith,Kembangarum,14434
701,Farand,Besuk Selatan,92549
605,Ana,SidrolÃ¢ndia,24924
156,Raymund,Å¢alkhÄ�,56535
569,Maggi,Xieshui,89968
961,Cull,Kopang Satu,43249
288,Jerome,Ploso Wetan,46582
568,Verile,Fatikchari,74959
170,Torie,EslÃ¶v,62680
368,Kristoffer,Krutinka,82934
302,Dosi,Koblain,33751
900,Lyle,Kuanda,44702
522,Carrol,Parung,86363
119,Redford,Al JaghbÅ«b,59505
775,Corilla,Magnitogorsk,40552
525,Peria,Jiangtian,81692
620,Amelina,Leran Wetan,82453
311,Jewelle,Al MadÄ�n,44488
321,Elisha,Xianning,10191
634,Raye,Marugame,79592
697,Mordecai,Guankou,86663
906,Irwin,Paris 17,34005
257,Amabel,Longxi,29690
551,Elihu,La Ensenada,46509
829,Judon,Kiarajangkung,26643
357,Flossy,Slobodskoy,88181
424,Dynah,JÄ«t,16701
869,Nolana,Varser,93637
852,Clotilda,Vista Hermosa,28624
420,Abby,Guardizela,75962
246,Bathsheba,Santo Domingo Oeste,66996
663,Hew,Banpu,10871
301,Hal,CompiÃ¨gne,70671
459,Griselda,Sundsvall,7250
956,Tobe,Marseille,86765
351,Tomkin,Gechuan,57482
731,Wrennie,Bitam,42474
698,Kele,Cube,86547
744,Rorke,Tawaramoto,64478
13,Gael,Totoras,85241
392,Maurise,Novorozhdestvenskaya,6705
248,Cheryl,Å�omazy,5757
518,Jessika,Pasirnangka,7951
489,Kyle,Sinarbakti,84687
587,Brewster,Dampol,72216
485,Kaleena,Acolla,40701
747,Brooke,Vallenar,17041
70,Jeana,Jutiapa,13280
284,Hastie,CamaÃ§ari,77359
189,Trip,Kobiernice,92774
650,Cal,Matara,45806
887,Kristy,Buenavista,92039
921,Margarete,MbakÃ©,37199
862,Starlin,Aguas Corrientes,78995
874,Noellyn,Byala Slatina,46372
782,Shannen,Zhezqazghan,85203
997,Blondy,Banjar Swastika,86125
656,Fred,Qikeshu,85398
804,Sibbie,Jijiazhuang,52324
408,Cordi,Qianchuan,37507
964,Morganne,JaguariÃºna,25765
418,Sheree,Palmira,19318
6,Junina,Fenshui,70944
167,Wally,Machachi,15104
231,Freddy,Roissy Charles-de-Gaulle,53871
642,Mimi,Cipeundeuy,80028
58,Cal,Binabaan,61167
779,Ricard,Taungdwingyi,99272
510,Trace,Sananrejo,65540
50,Lyndel,Shancheng,36519
361,Matelda,Jacksonville,8980
647,Cherrita,Castellon De La Plana/Castello De La Pla,80601
906,Arel,MaliÅ¡evo,71439
661,Tobin,Lap Lae,49692
691,Galen,Lefortovo,74183
939,Uriah,San Rafael,24098
82,Dyann,Alfonso,13492
21,Marcello,CocornÃ¡,18524
934,Modestia,Ko Si Chang,13178
532,Phedra,Ploemeur,87395
828,Fernandina,El Pao,52164
33,Delora,SÃ£o Bartolomeu,80402
800,Kassi,Chernukha,43688
12,Annabell,Bella Vista,28301
52,Oneida,Kiel,26893
123,Yardley,Toledo,74874
944,Remus,Tuqiao,54841
592,Shaine,Shuhe,94714
642,Devlen,Kaminokawa,23209
153,Ferdinanda,Sukodono,34606
94,Idette,Rybinsk,53383
279,Marlow,Vilppula,62466
351,Mariele,Minneapolis,68290
431,Maynard,El Aguacate,41255
987,Willy,Zheleznogorsk,64490
355,Forrester,Æ�hmÉ™dbÉ™yli,90224
405,Lalo,Daâ€™an,48267
22,Holmes,Mae Sai,12356
43,Perice,Modis,45682
445,Claudelle,Runsonglaozhai,92405
262,Rubin,Posadas,34925
965,Berny,Nassau,52534
75,Jackie,Pilar,24825
189,Elvira,Santo Domingo,64386
113,Sherwin,Beiping,78786
465,Caritta,Zhouji,11084
241,Craggy,UÅ›cimÃ³w Stary,62815
529,Shayne,Banjar Parekan,10823
120,Dawn,TolÃº,36183
118,Hattie,TÄ›Å¡any,43819
754,Mariejeanne,BonabÃ©ri,22059
212,Phillip,Shibukawa,5757
59,Harcourt,Boyle,89151
470,Jaquith,Nanyi,32208
97,Trula,Haoba,74155
515,Gerri,GÃ¤llivare,96439
930,Torre,Ngembel,31219
133,Robby,Palekastro,62875
353,Marcellus,Portela,71114
475,Mela,Sanxi,81559
464,Cyndi,Al MayÄ�dÄ«n,79082
570,Rachelle,ImmÄ�tÄ«n,89106
285,Tallia,Sangoleng,8605
735,Gabie,Mizur,53658
767,Rosemonde,Babakantugu,56481
495,Bennie,Zhangguanying,49042
243,Shaine,Thá»‹ Tráº¥n Tam SÆ¡n,38075
819,Arney,Dongtang,77993
415,Kriste,Monasterevin,42015
528,Allix,Kinna,90718
656,Egon,Gornyy,65301
653,Mia,Bauru,19540
383,Oliy,Pedra Azul,22746
164,Duncan,ArtesianÃ³n,33248
64,Glynda,PÃµltsamaa,87207
681,Clio,San Isidro,75194
857,Margarette,Morales,74646
801,Evonne,Kaiyun,27499
251,Zoe,Fovissste,36367
619,Staffard,Aiquile,10862
48,Gerry,Baoshui,76593
591,Willetta,Malabar,36521
852,Keriann,Yermishâ€™,43227
118,Bess,Pasrukrajan Satu,88721
651,Rodrick,Jiangyou,7178
385,Lacy,Tomakivka,38213
389,Glenn,Chaiwan,21103
661,Lynna,Peranap,50424
184,Avery,Ujar,53250
371,Xaviera,Ploso,20898
736,Alic,Malian,87696
408,Bili,Weiyang,27691
207,Nedda,Majie,88938
309,Lea,Psary,15419
330,Eloise,Zhuxi,88824
158,Caty,Nakhon Si Thammarat,10244
598,Cristi,Comendador,62623
173,Paulina,Solntsevo,98756
713,Kanya,Panambi,94134
242,Phaedra,Yubileyny,78308
909,Leonie,Xishan,66294
269,Vicky,El Rosario,15221
396,Tybalt,Kalibaru,47408
919,Elvira,Krasnystaw,41661
873,Hali,Baiqi,15911
552,Cilka,LideÄ�ko,81113
31,Debbie,Rechitsy,76459
589,Iorgos,Yuelai,65067
689,Gerome,Marseille,13049
600,Allyn,NariÃ±o,85144
771,Osborne,Dedza,15481
907,Brynn,Kasakh,71271
413,Patrizio,Purwasari,67023
157,Sandra,Sahnaiya,59367
275,Ivette,Paloh,66885
463,Darda,Wang Yang,9829
857,Gasparo,AqtaÅ«,94572
163,Geneva,Pedreira,18754
883,Garrick,Gorskaya,60506
953,Belita,Karakabak,64296
613,Harmonia,Boca Raton,27118
295,Ham,Pevek,63526
528,Gardy,Catarina,31315
577,Sascha,HÃ¤rnÃ¶sand,30637
437,Lane,DelgermÃ¶rÃ¶n,97353
291,Cass,Upton,91864
961,Jerrold,Forssa,21502
586,Royce,Huddinge,35878
748,Gigi,Huangzhan,65026
733,Trumann,Jiuxian,95580
955,Milzie,Magisterial,51909
346,Lynett,Fangxian,16972
767,Othella,VÃ¡gia,83697
960,Mary,SÃ¶derhamn,32503
241,Catrina,Iwakura,40704
813,Conchita,Buyant,26534
139,Garry,Lamalera,26193
409,Clarke,Raheny,8084
529,Leopold,Murmashi,75598
754,Oralle,Agusan,53604
79,Liuka,Yakimovo,83850
840,Clarissa,Kribi,63191
923,Tabb,Wangâ€™er,33479
824,Wilbert,Krasae Sin,37577
219,Hildagarde,Sangongqiao,90995
838,Winifred,Cangkringan,44061
556,Berkley,Krasnokamsk,42010
185,Garik,Pulau Pinang,17818
289,Sheeree,Karakulino,19110
754,Sylvia,Qiaobian,23643
2,Lorene,Cergy-Pontoise,77806
970,Hector,Cluny,44866
895,Evie,Khvorostyanka,62423
539,Brig,Jiangpu,49545
495,Pernell,Chipyela,40354
537,Hurley,Las Palmas,60003
181,Christoph,Skibbereen,10254
601,Shelley,BaÅ¡aid,49034
978,Ilise,Mora,38215
532,Murry,Huixing,20857
263,Stewart,Bulungâ€™ur,31861
573,Rikki,Sibayo,19816
213,Gertrude,Macapo,93802
391,Roanna,Bakalang,38755
3,Brenda,Ã‰vry,9400
14,Kelbee,Valinhos,30194
903,Dorothee,Fangtai,14963
889,Giuseppe,Thuáº­n Nam,98255
747,Cheri,Pakemitan,72383
184,Hilary,Guangyi,81397
240,Randie,Dagang,37005
72,Mahmud,Chengbei,43721
81,Isidore,Haoshui,36851
133,Kendal,ZÃ¼rich,40594
777,Augusto,LedeÄ� nad SÃ¡zavou,46174
906,Nevile,Å¢Ä�miyah,10683
922,Ibbie,Trilj,75311
706,Petra,Hrvace,32881
225,Wanda,NÄ�á¹Ÿay,45114
13,Cleon,Tohong,81975
921,Germain,Gushui,79491
370,Crystal,YenikÃ¶y,40142
380,Loise,Linshi,69363
674,Rollie,Mubo,59938
451,Neddy,La Courneuve,14561
835,Shelby,La Esperanza,15297
222,Lelah,Tiexi,89961
691,Lutero,Podkumskiy,27779
315,Bird,Shah Alam,76298
339,Annadiana,Si Wilai,74269
54,Gayle,Xianlin,86947
140,Leena,Naguilian,41944
37,Jeanine,Huacrapuquio,15534
547,Jodie,TvaroÅ¾nÃ¡,39636
70,Barney,Jalanbaru,11418
712,Katey,Reggada,31308
226,Konrad,Lanchyn,6129
664,Rooney,Bucu Lor,5734
589,Martin,Plewiska,32904
25,Chen,Boden,78318
300,Rollins,Ussel,11833
508,Cathrine,Balucuc,39290
481,Caryn,SÃ£o Vicente de Ferreira,93269
54,Hilary,Roma,80377
328,Lawton,Huangmei,13440
414,Ulla,Smolenskoye,29107
340,Korie,SÃ£o Mateus do MaranhÃ£o,45979
28,Allegra,Ribeira do Pombal,52736
462,Dorette,Natal,47123
96,Arri,Sumberarumkrajan,74948
801,Ugo,Kremenetsâ€™,58920
410,Bobina,ArÄ«á¸©Ä�,95213
382,Levy,Ponyri Vtoryye,29257
469,Harriette,Lengkongsari,64784
436,Orelee,Villa Dolores,42980
413,Iosep,DistracciÃ³n,27150
167,Mel,Ã–vertorneÃ¥,89636
17,Catrina,Donggou,54305
799,Alejandra,Masiga,36589
316,Kellen,Bang Bon,6839
135,Aida,PoljÄ�ane,76747
73,Adan,HumaitÃ¡,37792
773,Ernesto,OstrÃ³w Lubelski,19521
826,Vitoria,Shimokizukuri,44991
511,Jeralee,Boromlya,83501
327,Maryanna,Mangas,59296
611,Siusan,Dongshan,15641
165,Mabelle,Novikovo,80640
977,Retha,GÃ¶teborg,33201
380,Gregory,Bailan,53114
547,Brena,Shilin,69168
762,Bette-ann,Novyy Svit,86311
406,Carolyn,Bazha,81396
392,Elnar,HÃ©roumbili,96323
450,Lacee,Anfusi,94097
326,Ciel,GostyÅ„,6301
958,Ardath,Gambo,23000
276,Filmore,CaibariÃ©n,52787
397,Emelia,Emiliano Zapata,34996
568,Annette,Vary,63606
225,Barnie,Nong Saeng,44185
22,Win,Joutseno,92553
191,Florette,Brumado,72282
184,Mack,PÃ©rigny,70054
838,Patrizia,RodhÃ­tsa,37209
629,Tori,Beiâ€™an,74106
337,Asia,Antaparco,19704
58,Jamey,Castlepollard,79070
205,Butch,Shuangtian,18349
624,Tori,Kalangsari,18894
455,Kelly,Bagulin,76644
152,Solomon,Ananindeua,18718
386,Keeley,Batujaran,85204
238,Vanya,Shangbahe,78872
192,Craggy,Gangmei,11186
640,Delmor,Baranovichi,63887
910,Liuka,Szombathely,60970
656,Phip,Sidaharja,45799
491,Winny,Guantun,96141
678,Erena,Ustâ€™-Kalmanka,50750
940,Leanor,Akita Shi,17839
896,Modestine,OlszÃ³wka,69342
707,Daisey,Balingoan,88514
541,Coletta,Dakhla,33253
564,Arley,Timeng,31184
40,Freddy,Zolotkovo,5739
357,Martin,Tevriz,50301
697,Rodrick,Meixi,82378
581,Joyan,Ciudad Guayana,20530
831,Mohammed,Sumpur Kudus,46868
842,Delphine,Tangjiakou,49250
77,Diann,Chang Klang,49869
304,Alanson,Vale de Vila,77967
888,Creigh,Starcevica,77278
259,Witty,Golovchino,62432
327,Harrietta,HrÃ¡dek,67760
286,Bucky,CelendÃ­n,33551
55,Fanni,Meilin,37914
27,Rebekah,Ranot,39636
88,Valeda,Qingshan,18567
427,Eugene,Nageswari,71691
657,Standford,Piribebuy,49395
549,Lesya,StykkishÃ³lmur,40543
300,Devi,Quanjiang,25170
587,Kizzie,Jatinagara,85082
987,Adriane,Realeza,55791
193,Renelle,Florida,70235
32,Kingston,Bail,95261
96,Bryn,IgarapÃ© AÃ§u,59421
916,Lewie,MaranganÃ­,9385
385,Wilma,Nordeste,65730
136,Spense,Sumberkrajan,94668
373,Sibel,ÃšÅ¡tÄ›k,16995
310,Aldous,Talugtug,29267
428,Niles,Longhua,9972
738,Martin,Ludvika,10375
262,Wilmette,Teruel,90965
205,Cherrita,Lindavista,40309
184,Genni,Malunda,71046
347,Dionis,Portet-sur-Garonne,21058
622,Annabel,Bagou,58322
228,Salomon,Dolna Banjica,10148
981,Jaimie,Donskoy,56090
241,Iorgo,á¸¨abbÄ�n,79246
221,Jillene,Hechuan,60487
91,Quintus,Luxi,18754
30,Ludvig,Batiano,12881
451,Corabella,Ordos,29313
969,Earl,Raksajaya,80056
503,Druci,Manhete,25664
452,Neddy,Jardim da Serra,11152
877,Tasia,Delicias,43244
98,Hadley,Badaogu,77218
685,Berne,Dazhan,44864
370,Valene,UniÄ�ov,7455
922,Tiff,Paucarbamba,26022
688,Harper,San Miguel del PadrÃ³n,39901
830,Tiphany,Seke,47858
92,Mary,Laban,29544
986,Indira,Kapchorwa,59306
228,Kin,Shebalino,10269
491,Aleta,Igede-Ekiti,24245
422,Kissiah,Oeleu,8721
924,Neddy,Sarmanovo,74227
247,Udall,Pasirpanjang,27594
823,Bartlet,Oltintopkan,71546
660,Rheba,Dajin,95483
705,Salomone,Topeka,62075
232,Weider,Fengmu,28403
149,Foster,Santa Cruz de Guacas,31263
91,Victoria,Karlstad,29986
672,Kat,Wujiabao,96144
105,Martainn,DhÄ« as SufÄ�l,48989
7,Margaret,Franca,98014
365,Joete,Bongsri,93651
830,Cornie,Suhong,98124
424,Rebe,Kompaniyivka,52131
250,Rosaline,Chivor,39770
598,Lucio,Å ardice,64379
495,Anthiathia,Cobre,83475
224,Mattias,Manyana,13604
859,Port,Lindavista,34023
307,Sophi,Saguday,97609
437,Felicle,Huineno,47756
50,Nola,Kutno,78078
308,Colan,Armstrong,41436
665,Lianna,Hamamatsu,56797
112,Domingo,Etinan,17078
167,Mikel,Vidnoye,25050
544,Benedetta,Nglorogan,82257
323,Farrell,Miskolc,39174
316,Ulrick,LÃ¼deritz,46234
701,Liv,Salcedo,40374
586,Midge,Saint Petersburg,69967
392,Linus,Chakaray,53892
152,Lavina,Roissy Charles-de-Gaulle,43645
482,Othella,Songshan,28540
719,Wilek,Najin,59245
175,Irvine,Pruchnik,6092
568,Camala,ItÅ�,69658
82,Marshal,Lysekil,26437
545,Gerek,Zhajin,89314
391,Malachi,Somba,94607
50,Keene,Aix-en-Provence,6604
613,Vivienne,Songjiang,75581
278,Crista,Lishu,24486
882,Griswold,Nuevitas,10170
810,Lucilia,Mbala,10116
255,Dav,Wolofeo,10724
560,Bren,Madrid,91492
252,Marsh,TafÃ­ Viejo,38886
537,Hube,Jinchang,50471
464,Liana,Dingshan,13595
970,Aaron,Santo Domingo,24626
797,Shanna,TrhovÃ© Sviny,80689
508,Sean,Reno,64596
423,Reeva,Prizren,60099
202,Minnnie,Guardizela,5458
767,Danya,Tebingtinggi,91825
618,Erskine,Ushirombo,70136
245,Ede,Detik Satu,31688
166,Pam,Quchi,16836
185,Valaree,Ibeto,29247
656,Kirbee,Luzhang,88447
851,Deeanne,AbÃ³boda,55858
44,Rachele,Sungai Raya,19922
190,Shela,Dongfeng,16877
577,Bay,Ivry-sur-Seine,57490
693,Howard,Alcaria da Serra,76860
458,Tally,Xinhuang,7060
968,Della,Svirsk,45980
235,Berrie,Jojoima,57606
780,Mikel,Frakulla e Madhe,13735
920,Fredia,Cibeuti,86445
83,Virgie,Temirtau,62052
102,Cull,KÃ¸benhavn,48447
544,Eba,Ibabang Tayuman,98423
539,Brendon,Lendan,50135
319,Annmaria,Ambalavao,63090
265,Shirl,Alupay,44242
748,Mickey,Saint Petersburg,54853
978,Jannelle,Kungshamn,34732
481,Maison,Carcassonne,76330
652,Clemmie,Scarborough,31020
436,Nettie,Ganding,59404
361,Lalo,Budapest,72709
14,Alec,LobÃ£o,99462
636,Dallas,Pervomaysâ€™ke,51023
155,Mala,Heqiao,29018
965,Jacky,Vichadero,12973
104,Merilee,Brloh,77694
857,Roze,Kadubera,43594
786,Maribeth,Lochovice,92591
205,Daron,Ã–rebro,14328
712,Caesar,Xingfu,67720
263,Amanda,Mazongling,35359
362,Christel,Karangagung Timur,91626
735,Cayla,Anao,27217
629,Cheri,Kirkkonummi,80853
313,Kathi,VelkÃ¡ nad VeliÄ�kou,28695
141,Karlene,Culianin,64987
690,Sheeree,NÄ�garpur,13142
710,Mame,Lueng Putu,45477
926,Georgia,Gaofeng,16975
385,Torrey,Salavan,50912
484,Christoph,UmeÃ¥,51340
416,Jaime,Guilin,82801
245,Cariotta,Huquan,41686
887,Foss,Hrob,69216
869,Conny,BoÅ™itov,47868
250,Augustin,Yaotian,68698
830,Dagny,Libmanan,54585
550,Lenna,Brest,17521
562,Kaitlyn,Megion,81960
132,Brent,Uba,41859
823,Samantha,MÃ¶rrum,84012
515,Stacy,Chimboy Shahri,72114
927,Martyn,Sochaux,39712
68,Deedee,Antipolo,27571
310,Jolyn,Zhuhe,81540
711,Brittni,Mauloo,15940
891,Roseanne,New Orleans,30084
926,Torre,Patrol,99062
273,Vally,El Adelanto,81325
661,Leanna,Sabnova,43315
915,Karlene,Delingha,97749
490,Wallis,Avignon,70402
555,Dermot,Zhangcaizhuang,61132
715,Katee,Qiantang,41952
596,Darrelle,Gwangtan,83641
926,Morna,Gornyak,33050
511,Dorena,Liushutun,6557
226,Samson,Makati City,41196
402,Shanon,Ricardo Palma,71793
134,Roxine,Kurgan,79116
308,Elsie,Agusan,46605
388,Milty,Jiuzhai,36711
395,Korella,PsychikÃ³,80985
130,Susette,Lusigang,20038
233,Wally,Leles,13374
684,Xymenes,ArÃ¡chova,71948
141,Nevins,Firminy,56144
493,Patrizio,PentÃ©li,60695
839,Tillie,Kaynardzha,24114
349,Johan,Sandefjord,96107
950,Kev,Guanagazapa,88788
639,Terrye,Nanhe,11065
277,Hubert,Uglyanets,39411
64,Shelley,Atar,56525
72,Jada,Kamiennik,33482
893,Linet,San Cosme y DamiÃ¡n,67465
713,Rhoda,Nichinan,43126
946,Adelaida,PyhÃ¤selkÃ¤,20011
199,Tanitansy,Jiangjing,82792
55,Marco,Las Minas,23567
102,Griffin,Guoyuan,83716
416,Olag,Niutang,19327
8,Chris,Tampa,78931
292,Penny,PiteÃ¥,93828
278,Saudra,Bergen,92899
887,Joli,Shixi,31885
957,Ricki,Wakkanai,46787
356,Anjela,Semypolky,57469
612,Bekki,Laguna de Perlas,36666
989,Gabbey,Linshe,62087
414,Esmaria,ConcepciÃ³n,46723
188,Vivianne,La Ravoire,43461
129,Zuzana,Yaita,80109
457,Grover,Santa Gertrudes,78006
230,Boyd,Burlatskoye,92394
898,Roxanna,Araguaiana,27415
347,Axe,Dos Hermanas,44597
398,Nevsa,Dong Liangâ€™erzhuang,80711
529,Arri,Velingrad,20239
169,Chic,Thaba Nchu,20488
299,Kearney,Dekâ€™emhÄ�re,74262
875,Margarita,Fucun,79787
628,Timmie,Tirah,9912
838,Norrie,Chiba,56058
824,Wright,Hohoe,83093
271,Meryl,Miribel,18125
503,Tobin,Souto de Cima,22529
919,Mellie,Dongxi,27747
872,Kenon,Belleville,50821
336,Stevie,Petaling Jaya,35872
309,Mord,BÄ«r NabÄ�lÄ�,16048
302,Larina,Saint-Jean-de-Braye,54955
298,Marena,Komarno,10430
354,Erasmus,Stockholm,56787
887,Joni,Qingyang,98567
968,Jennica,Raâ€™s BayrÅ«t,97214
657,Ingemar,Portela,7684
373,Jennica,Czerniejewo,38681
798,Anatol,Bezlyudivka,65112
637,Bell,Medan,22488
609,Nichole,Funan Chengguanzhen,42141
103,Chip,NamÄ«n,80238
2,Pauly,Vila Velha,31833
192,Freddie,Longtanhe,11317
184,D'arcy,Nuing,78481
511,Ruddy,Paris 15,40849
176,Yovonnda,Ã‰pinal,32994
502,Thekla,Youhua,88171
932,Abramo,Baruchowo,92858
400,Alina,Salisbury,78764
449,Felix,Lindi,82711
397,Katheryn,Limatambo,15066
499,Barris,Muleng,39429
636,Berkly,Naguilian,69368
843,Myrwyn,Kuantan,17557
291,Chalmers,Malhou,53390
321,Flem,Chaoyang,89487
593,Minna,Trabulheira,89964
214,Kalle,SelenicÃ«,37829
948,Anna-maria,El Paso,19062
586,Marylou,Kaduela,70559
465,Farleigh,Pathum Thani,96764
558,Ryley,LÃ¼cheng,92252
607,Atlante,Asamankese,67642
73,Germaine,Saint-Brieuc,44977
144,Catherin,Heerlen,9505
703,Lianne,Boa EsperanÃ§a,54857
847,Olin,Mopti,30427
150,Elysee,Cijoho,58577
260,Claudetta,Medeiros Neto,68968
931,Korey,Changâ€™an,29057
531,Heather,Bacabal,45646
428,Sylas,Santa Maria,61679
401,Davon,Kalangan,86845
868,Bride,Bakaran Kulon,26397
125,Ellis,Bocana de Paiwas,88942
534,Aylmer,Gaoxiang,64583
977,Abbey,Guanaja,29743
494,Ekaterina,Kuma,57645
761,Hayyim,RogoÅºnik,69033
899,Jefferey,Dzhayrakh,78890
371,Amerigo,Kamru,29427
432,Fabe,Talisay,98576
122,Ardyth,Shuangqiaoping,80247
33,Dal,Domaradz,42496
987,Nichols,ViesÄ«te,72284
611,Jeremiah,Ribas do Rio Pardo,62806
174,Denys,DaugavgrÄ«va,50629
121,Milka,Baima,93677
33,Elset,Karangranjong,58815
404,Jaymie,Sadov,90994
509,Janella,Meishan,84127
990,Dorothee,BaghlÄ�n,93719
835,Sharyl,Lennec,79054
166,Carlina,Chengjiang,19485
50,Beverley,El Calvario,76468
983,Hy,Guamal,56969
796,Yorgos,Caticugan,43957
737,Rori,IballÃ«,63401
168,Sue,Morshansk,98482
336,Glori,Santo Domingo,36325
666,Eugenia,KhÄ�naqÄ�h,56608
388,Northrop,Osilnica,93385
393,Doria,Ponoka,8956
441,Huntington,Czerniejewo,77242
969,Pierce,Paobokol,30038
936,Torrie,Lamakera Dua,86415
240,Agretha,Volodarsk,7083
502,Marty,RÄ�jbirÄ�j,59252
195,Shaine,Chinameca,47486
439,See,Magog,46086
122,Neale,Sovetskaya,53563
314,Mariska,MiÄ�n ChannÅ«n,49992
363,Frannie,Kinzan,82791
154,Kinsley,Franceville,6278
49,Jarret,Dobrovo,44545
421,Harris,Bateria,34046
98,Myrwyn,Albuquerque,77266
377,Judie,Tamontaka,72075
799,Sibylla,Raposeira,6418
685,Bobby,Cungapmimbo,99115
748,Odo,Shagonar,30508
631,Devinne,Salcedo,57776
238,Eva,Paruro,17269
978,Bonny,Zhireken,54154
299,Mervin,Kakuda,33681
382,Violetta,Cafe,38322
121,Milzie,Guayabal de SÃ­quima,35585
885,Ive,Apostolove,80219
27,Zacharias,Schellenberg,79505
719,Sal,Staraya Kulatka,82743
625,Doloritas,Kumbo,49082
842,Doro,Komono,25612
399,Appolonia,Heping,37659
666,Niki,Calumpang,68757
846,Malorie,Apodi,78270
189,Rori,Shiroi,99798
511,Bekki,TÃ¤by,69250
765,Ezra,Luohuang,60693
144,Cristen,Lanckorona,88211
994,Renate,Volzhsk,54742
830,Ricca,Valladolid,83148
292,Si,Paris 19,13154
669,Cathrine,Bulusari,90437
450,Xenos,Punta Gorda,32766
230,Dulcine,Talok,54587
532,Ashlan,Gaohu,55471
933,Colan,Porecatu,17311
922,Doreen,Luojiang,71362
636,Marna,Qvareli,13532
141,Perkin,Guangshan,58135
82,Russ,Salgado,36812
687,Jeno,VÅ™esina,10656
302,Sheila,Berber,64098
524,Alfreda,Salekhard,20281
175,Joycelin,Usatove,55921
370,Rosamond,Tsybli,60527
286,Filippo,Lanyang,74875
938,Lil,Monte Francisco,22116
125,Sigismondo,BystÅ™any,93083
270,Claribel,Alexandria,70640
44,Mollie,Tulsa,89611
382,Ferdinande,Saint-Denis,51923
432,Lek,Oslo,45407
898,Kelsey,Isabela,33649
308,Ashlen,Quintinha,60141
913,Vikki,Korobitsyno,16181
274,Natasha,Yunyan,57773
930,Garv,Vyshchetarasivka,56124
165,Jerrine,Paldit,25553
