485,Cy,Qom,79876
242,Corny,Valerianovsk,91366
486,Jayme,Ziroudani,26926
76,Zabrina,Zhuyeping,53900
907,Louie,Glatik,38504
813,Onfroi,Yakymivka,86003
822,Kristo,TrÅ­n,52110
263,Glennis,Neftegorsk,86158
619,Cordelia,Tulyushka,19811
229,Bren,Ermida,15433
75,Morganne,Gazli,17073
763,Sapphire,Stockholm,10623
743,Hubert,Rio Grande,66715
221,Larine,Bayanbaogede,68334
168,Adeline,Lupane,82981
109,Obadiah,Ivanec,36120
566,Prentiss,Kiyawa,92014
1000,Chandal,Langgen,61467
805,Danya,Gustavsberg,46957
109,Elbertine,Kanugrahan,29982
341,Timothee,Gushi,24098
914,Gwennie,Bucheon-si,60158
821,Zoe,Ciketak,43758
425,Helaine,Kampungruweh,80473
448,Micki,MitÃº,70178
745,Filbert,Niechanowo,54438
83,Tamera,Shakhty,37167
393,Horatius,Tanggungrejo,51285
635,Madelyn,Langgapayung,75933
806,Pall,Huajlaya,84087
136,Rodolfo,Vybor,80201
2,Addie,Haligue,37802
450,Florie,Phuket,31198
684,Charles,Chantilly,35650
793,Conway,Paombong,38409
370,Dorene,Ikot-Ekpene,34092
26,Sherilyn,Butuan,70227
82,Christan,L-Iklin,86135
681,Dean,Crauthem,12811
529,Sheelah,Hengshanqiao,18938
9,Alvira,Pittsburgh,10549
624,Davey,Komi,30141
667,Tabbitha,Schaan,26136
432,Annaliese,Valinhos,59257
771,Riki,Matanza,54318
168,Andie,Ujmisht,52462
757,Rochelle,Kurlovo,8130
47,Minda,Charlemagne,27583
1,Cash,Ujmisht,82429
42,Myrvyn,Stara BÅ‚otnica,77440
476,Rica,Verkhniye Kigi,83139
78,Maureen,Springfield,6254
781,Fiann,Nabire,96953
554,Bent,Achiaman,99141
497,Karisa,San Casimiro,44533
103,Julie,Rivesaltes,72307
398,Hedy,Ndwedwe,75570
486,Erl,Banjar Tibubiyu Kaja,72544
799,Hurley,Dushang,96714
542,Dru,Tegalalang,52009
902,Catlin,NiterÃ³i,8590
230,Evonne,Xiping,72256
246,Gayle,Petaling Jaya,34716
645,Kile,Rennebu,11515
40,Trenton,Kushk,95936
483,Elsinore,Qihama,50149
792,Ardelle,Pengjia Zhaizi,90647
115,Morie,Beihuaidian,63390
459,Ellery,Isniq,71222
136,Flossy,Kuching,70168
858,Charla,Blagodatnoye,43955
941,Eadie,Santa Eulalia,92231
48,Rossie,Soriano,71716
303,Bobinette,RÄ™czno,73085
154,Tonye,Itapetinga,10779
318,Kim,Macapo,61832
361,Ximenes,GuihulÃ±gan,42214
82,Dayna,Talondang,95026
99,Ruth,Linao,52064
397,Courtnay,Dianqian,6110
119,Norby,SertÃ¢nia,6659
588,Erv,Aytos,7323
734,Crissie,Yeosu,48566
33,Sherwynd,QuatÃ¡,44660
467,Elwin,Beidaihehaibin,82205
912,Rochell,Kuanheum,25518
641,Mic,NÄ«shÄ�bÅ«r,16165
641,Kingsly,Kirs,80793
779,Ashly,Cirompang,33060
775,Thorndike,VÃ¤sterÃ¥s,99367
433,Hillier,Robertsfors,39054
455,Wally,Heihe,75422
175,Mufinella,Ustâ€™-Dzheguta,29776
494,Nanny,ChafÃ©,97401
679,Brooks,MrzeÅ¼yno,41143
115,Sydel,Nkongsamba,11338
266,Paula,Talshand,9187
625,Audy,Binuangeun,61042
905,Adiana,Lutun,27618
276,Dunstan,Nikki,86004
799,Salomi,Hengshan,69409
7,Briano,Taquari,60732
402,Wash,Vittel,63043
177,Belle,Bayan,91547
933,Whitman,Llaillay,65866
9,Chester,Oughterard,82468
746,Pryce,Sinilian First,40228
576,Jakob,Harrismith,79863
783,Kellen,Washington,90893
470,Ernesta,Pryamitsyno,70921
618,Sebastian,RÃ­o Colorado,28468
498,Melisenda,Freiburg im Breisgau,19933
977,Alix,Tangquan,53380
321,Almira,Mercaderes,76004
186,Raphael,Yuza,13768
777,Maire,Toyama-shi,33372
676,Philip,Curug,60734
359,Vinny,Newmarket on Fergus,98182
742,Valentin,Oleiros,71534
140,Eada,Stadtbredimus,36974
842,Sheridan,Zhagang,28520
860,Inge,Sabaneta,94257
475,Pavel,Xiwang,94670
654,Jude,Cauday,22223
749,Rheba,Jiaojie,99921
643,Kerri,Panadtaban,17922
916,Menard,Gubukjero Timuk,21957
407,Rochelle,Heishui,84038
521,Atalanta,Shengli,67052
857,Torie,Tiwi,18883
37,Konstanze,Armenia,34294
691,Jacquenette,Fonte Boa,39240
623,Margarita,Anuling,9464
377,Madelon,Drayton Valley,18534
203,Collen,Dabat,61872
977,Paquito,Kaduseeng,49579
699,Celestia,Dabaozi,25067
3,Nicolais,Severka,16160
75,Sheena,Má»� CÃ y,11330
433,Kessia,Yixin,29064
282,Marys,El Puente,94051
791,Rae,Ocumare del Tuy,32593
113,Annamaria,Birigui,10921
33,Isadora,Binlod,50581
208,Allina,Klagen,16300
453,Lee,Eci,73880
796,Shellysheldon,Las Vegas,93096
556,Pearla,Hultsfred,98347
315,Hetty,TuchÃ³w,96339
347,Melisent,Novais,69837
139,Hester,Cateel,32442
481,Cheryl,Dalonghua,43158
313,Ceil,Anju,34039
723,Rochette,Ayotupas,31297
683,Latisha,Datong,78770
563,Avril,Mabuhay,76320
530,Giuseppe,Xucheng,22312
227,Anson,Viljandi,25385
374,Marlo,Oslo,97278
688,Odilia,Cochabamba,22010
314,Ignacius,Saint-Gaudens,51920
427,Domeniga,Xinghua,49320
694,Camey,Qulsary,32308
934,Florian,Bucay,77962
268,Kyrstin,Japerejo,22126
253,Aurthur,Tawali,89902
954,Lea,Talas,51974
979,Brana,Helmsange,79225
507,Ted,Gempolan Wetan,80857
96,Neddy,Nansheng,87158
576,Stanislas,SÅ«rÄ�n,79147
358,Ursuline,Kiten,98126
310,Burke,TeknÄ�f,28619
716,Calv,Lubenia,27698
141,Hyatt,Charleville-MÃ©ziÃ¨res,53434
464,Ev,Jiuting,61795
509,Darren,Gedian,29632
220,Winifred,Pasirreungit,37736
358,Gino,Pital,61623
950,Burgess,OlofstrÃ¶m,11365
748,Cristen,Saint Davidâ€™s,51818
556,Boycey,Bayanan,23982
455,Keenan,Loay,85640
930,Darsie,Zuobude,9660
699,Waldo,Donja Brela,51022
855,Neville,Palmitas,36629
107,Zed,BraÅ„sk,83445
492,Gladi,Livingstone,64339
754,Cassandra,Baitu,54971
178,Jordon,Kamal,68483
742,Hadleigh,Sakon Nakhon,87583
766,Gardy,Mazyr,83488
817,Christye,GÃ¶teborg,60049
634,Luca,Tall Salá¸©ab,71618
477,Margit,Xai-Xai,48336
969,Augy,Zhangfeng,60713
532,Linell,Lanat,8112
578,Debi,Temblador,46109
533,Sheppard,BÄ�zÄ�rak,71637
303,Ikey,AlcalÃ¡,31457
34,Egan,Taquara,60094
20,Olwen,Sedandang,89459
474,Kathleen,Rocky Mountain House,21836
524,Charis,Trilj,28596
110,Darn,Pinheiro,26307
662,Amalee,Nandulehe,37653
232,Herby,Pan-an,6914
922,Griselda,Novoshakhtinsk,48364
463,Giraldo,MÃ¶nhbulag,77105
503,Cosette,Ashgabat,24134
101,Mariellen,Dois Vizinhos,61173
199,Arnoldo,Keren,88356
780,Darell,Kimilâ€™tey,23252
788,Clementia,Pau,32585
947,Yvette,Independencia,47026
855,Inge,Menggusi,75018
92,Kristofer,Jiâ€™an,35582
394,Matthiew,VeÅ™ovice,14852
346,Annie,Camilo Aldao,46586
280,Jessamyn,Talnakh,51637
127,Genovera,Kathmandu,5351
67,Sigrid,Saga,52823
532,Thatcher,Kuroishi,42942
620,Crin,Fengsheng,15080
627,Munmro,Mosta,27644
49,Eydie,Yelizavetinskoye,74944
650,Nanny,Nowa GÃ³ra,35716
252,Alisander,Xikou,6141
379,Curry,Argasari,92286
151,Patricio,SkanÃ¶r,10721
237,Ariadne,Himanka,99976
320,Gallagher,Ilha Solteira,92466
17,Larry,Old City,42721
344,Kamilah,Bitin,9082
687,El,MÃª Linh,86719
505,Charmain,CÄƒuÅŸeni,22369
298,Tait,Puerto Madryn,57278
453,Burke,LidkÃ¶ping,49524
86,Tracy,Kertanegla,47354
183,Imojean,Vnukovo,76342
866,Darby,Oleiros,47855
364,Burnard,Changchi,49240
442,Matthiew,La Celia,52587
752,Heindrick,Elias Fausto,59792
934,Saunders,Shinkafe,18313
366,Grissel,Mancogeh,42275
438,Nanette,Sampangbitung,21424
232,Guglielmo,Shuangzhong,31958
908,Kissie,Bussum,68736
816,Valry,Boljevac,13329
826,Ax,Huanggang,25256
619,Bryce,Boncong,88247
41,Nevin,Shanglaxiu,5887
550,Patsy,Toliara,19481
14,Sharron,Vendas de Galizes,15196
707,Florentia,Mariatana,6437
304,Reena,Koni-Djodjo,9307
492,Jennica,Horokhiv,42829
720,Clerissa,Jiulonggang,35092
780,Lizabeth,Kuta,38575
720,Cesaro,GraÄ�ec,53167
286,Merridie,Hudong,34673
945,Tonia,LinkÃ¶ping,46992
336,Tallou,Ochakovo-Matveyevskoye,10940
10,Carlyn,Markaz al MarÄ«r,24931
737,Tomasine,Miskindzha,66113
993,Neal,Toulouse,33356
49,Gisela,Manalad,42413
638,Carol-jean,Rowokangkung,92992
723,Cliff,Jacksonville,40247
907,Ulises,Charlottesville,75785
635,Walt,Morelos,11660
579,Javier,Svecha,11582
492,Martelle,Bayside,6757
881,Nedi,Nyachera,81589
784,Eryn,Wangkung,80654
341,Yetta,Pretana,30515
865,Kaylyn,San Buenaventura,82918
449,Sheelah,Aguasay,88496
124,Zara,Opi,71353
187,Leshia,Drawno,43553
86,Kit,Campoalegre,76512
245,Avery,Mojorembun,64395
636,Shay,Jeffreyâ€™s Bay,45091
443,Vidovic,Changhao,66658
440,Oona,Xianghua,47676
365,Leon,Rybinsk,57414
718,Glen,Vila ChÃ£ do Monte,7432
221,Kaleena,AshmÅ«n,37489
769,Ronni,Glencoe,67098
247,Kat,Caucaguita,15572
371,Myrtia,Santo AntÃ´nio do Amparo,83251
108,Atlante,Penebel,28753
70,Mick,Tysmenytsya,64715
408,Aland,Ferbane,25376
173,Sybille,Nioumamilima,75341
129,Rourke,UherskÃ© HradiÅ¡tÄ›,34965
885,Gene,LeÅ¼ajsk,94945
663,Maddalena,Xingdian,36599
992,Bondy,Waihai,83822
878,Kiley,Vyborg,21580
941,Yorke,Wates,60929
134,Nikola,Ã–gÃ¶Ã¶mÃ¶r,78377
725,Avie,Lavrica,84072
355,Shawna,Sigu,9882
691,Prescott,Julayjilah,68333
857,Rosana,Cassanayan,77730
490,Olympie,Tumcon Ilawod,10505
476,Kirbee,Ribeiro,80751
304,Debor,Tianyi,70458
498,Roley,Pocokan Satu,42253
197,Glyn,Baoquan,43686
914,Lexy,Pryazovsâ€™ke,98118
69,Bran,VelkÃ© Losiny,9002
541,Letitia,Chipaque,62074
996,Alys,Youguzhuang,65582
477,Aubrey,Laá¸©ij,21713
583,Romy,VenÃ¢ncio Aires,17243
302,Nappie,PokÃ³j,5108
8,Mariya,Huashan,91522
404,Persis,Gunungkencana,59766
548,Hyacinth,Zgornje Bitnje,41570
647,Zia,Houmen,75885
345,Fayina,Singajaya,43799
225,Marthena,Pandean,7004
488,Salaidh,Sindi,74843
71,Grace,KostakioÃ­,87799
82,Gustie,Providencia,54381
278,Eryn,Casais Brancos,25856
904,Aylmer,Sobinka,44178
494,Randolph,Anna Regina,45407
291,Cletis,Yoro,54339
267,Kerry,Manlucahoc,89679
697,Zuzana,Cikawung,86302
305,Coleman,Klemunan,60216
23,Allx,Pumai,10001
871,Gavra,PolykÃ¡rpi,58994
408,Serge,Gushan,89357
490,Jermaine,Hadabei,60758
646,Hadlee,Non Suwan,55770
232,Angy,Pinggang,70443
235,Hobard,LoÃºros,21655
940,Wally,Krajan Satu,45333
316,Corbet,MistÅ™ice,63569
962,Harbert,Grand Rapids,23035
454,Theobald,VÃ¤stra FrÃ¶lunda,86535
758,Adriano,PÃ³voa do Valado,73615
212,Kirk,Tizgane,93539
872,Carr,Zhangbang,58884
501,Kari,Laxou,13296
220,Jocelin,Fengshan,67863
51,Lars,Babakansalam,56652
584,Dody,Maebashi-shi,38693
242,Christabella,LÄ«vÄ�ni,10902
733,Ede,Bluri,39760
301,Boycie,Manokwari,81787
860,Trace,Sihe,17508
720,Luca,Å�opuszna,39978
974,Stepha,ManÅ«jÄ�n,5293
775,Nevile,Cliza,93493
533,Baillie,Latung,66017
7,Tonia,Honghe,93908
866,Carlota,Cherepovets,31444
73,Tyson,Okocim,11005
483,Janetta,GÄ«vÄ«,99683
409,Billie,Serang,20972
513,Hillard,Xipingle,37885
650,Burgess,Sijunjung,79457
553,Garwin,Caen,46994
691,Nealson,Xinjian,70357
65,Terrence,Dushu,16846
808,Abbye,Zongluzui,29408
839,Martie,PÃµltsamaa,99797
673,Olin,Gulod,67980
265,Gui,Guiuan,13675
103,Allister,Drawno,82744
128,Bobby,Wao,13005
226,Giacomo,Sanok,20024
312,Tiena,BorÃ¥s,87361
188,Isidor,Å�askarzew,86272
987,Quintus,Ansan-si,17665
370,Nelie,Nowy DwÃ³r GdaÅ„ski,54650
740,Beth,Saint-Brieuc,48933
960,Lindon,Aylmer,15724
872,Dolph,High Point,39539
240,Clara,Dabu,76204
196,Vito,Bartica,84531
187,Edwina,EusÃ©bio,30256
401,Hedda,Saeul,90542
813,Emelen,Chengjiang,87786
422,Peyton,MetkoviÄ‡,19801
878,Gus,Mudian,61615
983,Fitz,Russkaya Polyana,70292
16,Jacinta,Caridad,71709
812,Ethelind,Boujniba,36028
709,Corrie,Khawr FakkÄ�n,22984
86,Alvina,Pataias,61980
67,Charmane,Hamamatsu,31859
534,Stacy,Xumu,57404
560,Orsola,Siaya,40065
899,Craggie,Buang,19151
859,Arlana,Sidamulya Satu,74171
608,Clayborne,Kanganpur,78863
558,Randy,GÃ¶teborg,53052
46,Nora,Dobre,27308
848,Genna,El Guapinol,84395
64,Marjy,Hatton,6063
977,Padraig,Stenungsund,97933
301,Sullivan,Guanshui,36927
592,Ailyn,Huangzhawan,28138
680,Konstance,Gaobeijie,58483
974,Yule,Tuapukan,94533
246,Jack,San Juan,64943
726,Carol,St. Anton an der JeÃŸnitz,24023
721,Con,Zoumi,62105
502,Bastian,Liangcunchang,13576
267,Nevil,GÃ¶teborg,13421
21,Clotilda,Vrede,9975
938,Henryetta,Candoso,34400
90,Ashil,Dadamtu,12875
866,Valentijn,Mesa,6957
94,Amity,Balakasap,37998
245,Tome,Miguel Pereira,36578
53,Nessy,Gongdao,96771
118,Netta,ChÃ¢teauroux,93942
853,Aimil,Yixi,71745
453,Odele,Chico,73314
544,Adiana,Sallins,57492
197,Antony,Atocha,97104
743,Ara,Manjakandriana,45811
49,Riordan,Byahomlâ€™,55815
330,Karney,Januszkowice,74707
544,Rafe,Krajan Tanjungrejo,65624
353,Deanna,Jiazhuyuan,12754
318,Port,Delmiro Gouveia,34550
151,Carmelina,Ã�nfias,45821
508,Mitchell,Zbraslav,93925
164,Karina,Zhouzhuang,50658
927,Abagail,Heku,55521
48,Joete,Nashville,48066
510,Daryl,Yangong,40713
81,Brandon,Santa Cruz,33146
790,Waldemar,BodÃ¸,19695
933,Mamie,KÃ¶ln,27208
331,Helene,Saihan Tal,53962
590,Gaelan,Tundagan,22239
369,Sollie,Hubei,12266
354,Jeremy,Harrisburg,97201
235,Marcelline,Petrovskiy,76978
104,Gypsy,Sanxi,69676
780,Marta,Takeo,48874
967,Ambrosius,Bratislava,8321
400,Meris,Beishidian,70303
634,Gerrard,Torslanda,93983
63,Alyse,Chernigovka,26875
259,Amandy,Zoushi,67884
212,Chadwick,Photharam,78118
271,Kane,Dulâ€™durga,14424
246,Shelby,Cirateun,94263
152,Guillema,Lalagsan,75442
949,Jeane,Shuhong,88369
1000,Blair,Blobo,64548
815,Hedi,Chuqui Chuqui,16178
943,Warde,Zhongxing,46660
442,Flore,Airmadidi,51865
47,Hillard,Xiamao,88217
461,Isidora,Kawengan,76772
326,Rab,LamÃ­a,46159
431,Sheffie,Cerro Punta,52847
210,April,Bieqiao,6814
711,Hewie,Santa Cecilia,98404
613,Marget,Corrego Grande,88758
65,Jobina,Pabuaran,86216
279,Berny,Fushun,58338
828,Tuckie,Lamphun,17725
392,Marne,Halong,58356
612,Ernestine,Rakai,30593
389,Ced,LivÃ¡dion,57666
183,Romonda,Kawerau,25892
689,Tiebout,Pak Thong Chai,72157
255,Vassily,Kulun,84172
70,Niki,Podstepki,86221
539,Cull,Moissy-Cramayel,85785
515,Ysabel,Budapest,78395
19,Dicky,San Vicente,90638
752,Netty,Liangshuijing,51224
454,Araldo,Tarusan,52984
941,Gisella,Zmijavci,30295
30,Orbadiah,Diofior,87212
124,Ardis,Camp Flora,91408
706,Juliette,Belfast,51270
568,Carroll,Sacramento,24507
33,Margret,Tibakisa,6949
540,Shea,Brumado,73830
467,Gretal,Hualgayoc,31814
534,Kiri,Argavand,54929
192,Marin,Sunfang,20794
309,Ingra,MÅ­glizh,94299
226,Arden,Billdal,81374
355,Rea,Qiuchuan,80045
879,Karol,Penco,12982
263,Arabella,Rodniki,37511
283,Becky,Biliran,9294
490,Robena,Cabano,40776
636,Starla,Vetluzhskiy,99988
261,Noellyn,Nelipyno,44755
262,Charmian,Konibodom,72075
318,Burk,Tours,98355
771,Jordain,Kolonia Town,82350
975,Hastie,DubÄƒsari,9379
67,Andee,SÃ£o Manuel,84173
549,Matty,Lucban,96033
145,Clarisse,San Patricio,45541
864,Myrtia,Tirana,50466
743,Paquito,Parys,28283
687,Ellyn,Jiukeng,44343
394,Rhiamon,Nai Harn,77538
787,Angie,SÄ…czÃ³w,67771
778,Benton,Riosucio,36728
411,Carlotta,Loma Bonita,29176
46,Judah,Imbituva,36734
951,Frieda,Shuiyuan,40863
126,Flemming,Houjiagang,74355
829,Mariana,Castelo,18548
439,Sammie,Khasavyurt,64751
792,Faunie,Piskivka,80012
535,Em,Pau,97069
773,Urbanus,Nahariya,7001
33,Debera,Shaozhai,31883
372,Jasun,Berlin,14018
392,Randall,Campos,86835
723,Edvard,Dvurechensk,61394
137,Sibella,Kota Bharu,20738
695,Lesley,Jiangchi,44329
875,Olly,ÅšmiÅ‚owo,71911
767,Ty,Votkinsk,27941
750,Buck,Å�uÅ¼na,40544
425,Fidole,Lete,39706
163,Joete,Verkhozim,75408
246,Yetty,Cachoeirinha,70033
219,Roarke,PÃ³voa,20431
414,Norah,Tochigi,72793
721,Samuele,Echeng,44212
660,Simone,Colinas,15296
637,Hirsch,Prado Siongco,81142
74,Hashim,Srostki,34390
185,Tracy,Bogatynia,60753
820,Roarke,Avignon,44413
572,Shayne,Muheza,49329
434,Karlee,Tumbagaan,83894
72,Ardyth,Beloeil,59107
516,Desmond,Koblain,5806
605,Zechariah,Balagui,40011
89,Brinn,Okiot,73123
437,Maurie,RÃ­o Limpio,74388
377,Libbie,TÃ©limÃ©lÃ©,89552
231,Sybyl,Hamburg,76330
656,Maurie,Ti-n-Essako,20006
48,Remington,Ð˜Ð·Ð²Ð¾Ñ€,99952
356,Debee,Karkkila,96056
829,Lorelle,Changzhi,39850
189,Bryanty,Kondangrege,19489
583,Bellina,Chá»£ Láº§u,50884
27,Tallou,Camangcamang,68336
177,Terza,Guazhou,81572
754,Rubi,Putrajaya,21013
657,Irena,LeonÃ¡risso,94662
778,Tedi,Motala,12291
259,Darla,Monkstown,13823
569,Abbey,El Paraiso,68315
280,Domenic,Hebei,30204
45,Bear,Tyszowce,11424
215,Anstice,Mantalongon,69051
848,Kerstin,Bumba,88142
126,Virgina,BaÃ±ga,83081
894,Pauline,Pingyao,97834
712,Christye,Sempol,92814
251,Brynne,Bel Air RiviÃ¨re SÃ¨che,30220
291,Homerus,Qulsary,13068
538,Doe,Jiexiu,97161
449,Simeon,Tullinge,27191
355,Benyamin,Makiyivka,78005
963,Letta,Lons-le-Saunier,67908
830,Marcos,Tabuadelo,71932
305,Ignacio,Morelos,18527
668,Tricia,CamagÃ¼ey,79269
524,Desiree,Calibungan,18734
281,Annabell,Yamaga,25516
179,Theda,El Cairo,60165
356,Bernadene,Tujing,86522
482,Lind,Bator,63533
339,Bruno,Zhoukou,96757
926,Benton,Tongjing,63969
226,Lalo,Joypur HÄ�t,66048
317,Madison,Fuenlabrada,66459
198,Bertie,Totoras,38631
884,Angeli,Komsomolâ€™sk,41604
136,Vilma,Golema ReÄ�ica,90083
200,Magda,GarupÃ¡,31342
913,Bram,Villeneuve-lÃ¨s-Avignon,8012
566,Mollie,Rulenge,23557
203,Dorey,Lycksele,18534
910,Janot,Maubasa,25403
116,Ruggiero,CzarnowÄ…sy,71819
545,Keeley,Pniewy,50748
656,Tristam,Estaca,22695
361,Florenza,Dumaguil,85995
187,Donavon,Teplice,65540
770,Stella,Wassu,15644
745,Tomaso,Korostenâ€™,56937
772,Sal,Kafr Thulth,47868
823,Bartlet,Palmira,94963
863,Noelyn,Wasagu,66687
988,Langsdon,Samir,63175
765,Audi,Gaoua,60759
591,Nicoline,Pathum Rat,10418
682,Simona,Palermo,64183
779,Marcellus,Huzhen,76758
288,Wakefield,JaromÄ›Å™,81379
222,Mignon,Colonia Aurora,50185
815,Thorn,Bankim,83383
152,Clem,Walakeri,86767
949,Leicester,Macha,10086
84,Lucretia,Al Kiswah,23533
742,Ninnette,Isfahan,85727
958,Tiffany,Yingzhou,31657
538,Bryant,Jiuheyuan,91232
883,Tamera,Tuatuka,68503
821,Daniel,Le Tampon,5362
485,Laughton,Phu Kradueng,55546
977,Richy,Moissy-Cramayel,25569
112,Lyle,Kozhva,98006
841,Elke,Petaling Jaya,19516
811,Moss,Baihua,30348
16,Che,Fatuhilik,5286
569,Marijn,Krajan,75145
449,Juliane,TrÃ¡ MhÃ³r,34536
892,Costanza,Seixas do Douro,89367
866,Ambrosius,Soeng Sang,27681
121,Goldarina,Sancti SpÃ­ritus,99718
51,Meaghan,Amurzet,46309
822,Bondie,Rogoza,44739
469,Dana,Kuala Pilah,44352
878,Stavro,CalÃ§ada,17631
778,Waverly,Kananya,14203
444,Dasha,Colegiales,98175
82,Phylys,KÃ¸benhavn,24548
977,Kassia,Yangzhuang,30205
44,Nathan,NÃ©a IonÃ­a,95798
293,Shay,Peoria,84121
91,Tulley,La Libertad,43449
150,Even,Unden,31124
50,Arleen,Ciudad Ojeda,66703
601,Eran,Canoas,87061
131,Tirrell,Challhuahuacho,45055
729,Drusie,VÃ¡rzea Alegre,71608
79,Alecia,Nangerang,12976
654,Markus,Cinco Saltos,40679
897,Nolan,Loreto,23888
160,Garvey,KabÄ«rwÄ�la,21776
566,Lance,EgindikÃ¶l,54728
322,Judon,Sim,22785
960,Red,Qiandeng,17123
919,Myrwyn,JagieÅ‚Å‚a,97463
153,Thurston,VihÄ�ri,19624
537,Elianore,SetÃºbal,64728
35,Lalo,Gukovo,90409
99,Obidiah,Newton,38264
156,Bart,Burauen,79820
607,Arnaldo,Carrazeda de AnsiÃ£es,17882
588,Edith,Sangongqiao,55147
313,Hesther,BrniÅ¡tÄ›,84985
176,Farrel,Tchintabaraden,34956
245,Denice,Magetlegar,60938
982,Concettina,Lincoln,42279
397,Banky,Khawr Maksar,72496
847,Kirstin,Honoria,90792
238,Demetria,Redon,24436
955,Salem,Balatero,50499
77,Raviv,Lisui,44519
439,Carrissa,Baishi,6183
846,Jeno,Nice,55692
820,Blake,Uzlovaya,55813
810,Antoni,Orenburg,37710
816,Viviyan,Az Zarbah,25652
404,Evan,San Fabian,27609
437,Christin,Guashe,94696
61,Gustaf,Dandai,44555
373,Carlina,Karanyowka,18002
706,Cissy,á¸¨uwwÄ�rah,78225
514,Yolanthe,Newbiggin,25728
29,Allayne,Borovskiy,45419
711,Chet,ChapecÃ³,86185
192,Jasun,PeÃ±al,94843
235,Franny,Lycksele,48874
284,Ashleigh,LangÃ¡dhia,35461
557,Noam,Qvareli,67365
925,Dix,Mazongling,95525
775,Normy,Tuguanpu,6881
286,Noble,Shahrak,89003
939,Willem,Saiki,37435
102,Dwayne,Huolongmen,32072
274,Ettie,Yanchi,23098
766,Tessy,Ngajum,67415
268,Cristin,Ã�lion,81063
891,Reynold,Evansville,38884
412,Avis,Qalâ€˜ah-ye KÅ«f,70089
275,Fleming,Chiang Mai,78993
868,Emylee,Tanshan,35600
368,Elvina,PavliÅ¡,49567
208,Elmer,Open Stage,24088
539,Brant,RepelÃ³n,47676
579,Lee,Taroudant,17267
676,Ferdinande,Å½ieÅ¾mariai,23065
100,Saundra,Yongyang,39485
137,Natasha,Mizoch,89614
784,Ari,Azaruja,34687
689,Tye,Tumba,49086
353,Latisha,Huji,88076
608,Carlita,Batan,20734
893,Clive,Bayt SÄ�á¸©Å«r,27549
92,Henrietta,Lameiro,68814
328,Lebbie,Cijengkol,68467
726,Joshua,Lianghe,8458
252,Maurice,Jianyangping,68376
207,Marrissa,JÃ¤msÃ¤nkoski,54438
21,Tommy,Rabaul,61394
880,Karoly,Ligonggang,28381
145,Wendeline,Mabilang,36308
120,Corrine,Muyuzi,97981
526,Ruttger,El Paso,96599
83,Nerti,Huochezhan,25791
123,Kristopher,Zhaobaoshan,81074
451,Johann,El Progreso,68355
521,Arlen,Maastricht,48349
183,Brandtr,Montauban,60243
619,Bryana,Kuantan,71992
461,Ewart,Jilib,76145
768,Bearnard,Hammam-Lif,22052
960,Terry,Komono,40051
430,Joyann,Yanshang,59118
408,Dalli,RÃ¤Ã¤kkylÃ¤,86853
594,Nert,Krikil,8055
249,Elisha,Simpang,56070
811,Casey,BeÅ‚sznica,57770
85,Stephenie,Prokhorovka,59056
605,Sanson,Villejuif,80151
737,Skye,Sila,5211
853,Hendrik,Cincinnati,77116
843,Pietrek,Launceston,81237
580,Ned,Kalilu,24733
983,Rogerio,Tabatinga,79049
636,Humbert,Tanay,97534
7,Haze,Davao,78853
795,Alie,Kertasari,14862
685,Kanya,Pisarzowice,20556
903,Waylon,Sabnova,10906
820,Yetty,Blonâ€™,5416
661,Cchaddie,Chongâ€™ansi,95415
189,Lian,Daxing,69042
581,Quintilla,Revava,26858
5,Gwynne,La Romana,90934
443,Joye,Sapang Buho,31805
171,Jacky,Ishurdi,20322
890,Annamaria,Qitai,60782
106,Salomone,Mentaraman Satu,45410
299,Sibyl,Dadianzi,17383
299,Randolph,Kemil,60404
149,Jacqueline,Shazhuang,55755
961,Evyn,Castellon De La Plana/Castello De La Pla,55424
332,Devondra,San Francisco,30965
254,Vita,SanjwÄ�l,77332
184,Melita,Shagamu,76268
536,Vernor,Yanshi,92827
606,Joelynn,Antrukan,89208
553,Alistair,Lamatuka,13471
477,Marsha,Zabaykalâ€™sk,50445
438,Jordan,Severskaya,99028
973,Donna,Yazykovo,80138
899,Stephenie,Yashkulâ€™,73837
48,Ashely,Magrath,66012
378,Myrwyn,Scholkine,83082
162,Lowrance,Cibeureum,5752
73,Rebecca,Huzhen,69317
486,Kylie,Jiaobei,72541
745,Krystalle,Chunhu,22484
583,Wallis,Hultsfred,71118
623,Delcina,Guane,86629
269,Alaine,Daji,72182
925,Jourdan,Gornji Petrovci,40284
312,Valentine,Wuyahe,70908
270,Vivyan,Lapa,49680
58,Meaghan,Severouralâ€™sk,93289
369,Tobi,Huaquirca,91293
25,Faina,Salima,16804
366,Pate,Kamo,49425
281,Sanders,Jiukou,61191
880,Obie,Shuangnian,46405
944,Rodger,Cipari,94042
584,Lindie,Lamalewo,89975
191,Brenden,RezÃ©,55592
290,Pembroke,Santa Monica,95426
638,Valerye,Loja,28360
380,Jo,GoiÃ¢nia,34217
477,Germayne,Lephalale,29962
214,Aaron,Kelapa,46362
686,Farr,SÃ£o Paio de Seide,14796
232,Priscilla,Polanka Wielka,67814
645,Dolorita,Lingbei,77888
481,Selina,VÃ¤llingby,68302
320,Vanessa,Gaoyao,24665
925,Lilah,BorÃ¥s,91125
554,Augustina,Bacalan,55290
203,Modestia,Czarna,69839
752,Lorene,Prantaan,19763
421,Astra,Hingatungan,81753
662,Virgil,Manaquiri,92781
695,Ada,Sawahrandu,74779
357,Joana,Leigu,61481
798,Oliviero,Cincinnati,15237
938,Kimberly,SÃ©lestat,35944
112,Valina,Sneek,48991
600,Ulrica,Washington,84771
783,Ursulina,Queluz,26595
169,Jobye,Daliuhang,21314
949,Leland,Tanqiao,22921
306,Alaric,Macamic,84112
128,Sabra,Danidehe,39624
673,Rutter,CÃ©rtegui,32162
240,Alphard,Sanshandao,75604
855,Connor,Krajan Kerjo,28557
713,Brigida,ChinÃº,8245
935,Lucky,El Realejo,24132
755,Stephenie,FÅ«man,29836
759,Mufi,Huochang,26178
848,Cyrillus,Akureyri,61383
671,Benita,Congonhas,89002
653,Arleen,Geldrop,73335
264,Wylma,Cachoeiras de Macacu,28179
361,Benson,Pittsburgh,48783
177,Harman,GÃ³mez,24286
616,Brittan,Shijing,29002
733,Bab,Weihai,94529
930,Thebault,Dulangan,22145
19,Barron,Yangjiafang,99569
187,Boote,Ganyan,30910
69,Hayley,Cayenne,36852
401,Robinia,Sigou,34222
320,Case,Qalâ€˜ah-ye ShÄ�hÄ«,41165
861,Lotty,Zavolzhâ€™ye,45837
337,Alvina,Ipala,52639
92,Anastasia,Kurkino,18473
901,Deana,Novopavlovsk,65920
950,Margie,Xiaoyi,13342
98,Cyril,Tsyelyakhany,88907
6,Bruis,Brzeg Dolny,24623
100,Josiah,Bayog,42657
975,Elbert,Leramatang,39999
895,Nathalie,Aldeia de Juzo,57340
750,Elsinore,LÃ¤nsi-Turunmaa,25184
707,Teddy,Kurbnesh,48903
667,Leesa,Nanding,71870
807,Maddi,Bento GonÃ§alves,74877
444,Larry,Sanjiangkou,95347
991,Nadean,Wangzuo,90959
371,Cymbre,Taoyuan,38187
533,Kameko,Gracias,46508
275,Kaleb,DowlatyÄ�r,37665
249,Anthony,Jiangshan,25215
839,Baillie,Muheza,58333
335,Erick,TafÃ­ del Valle,50134
164,Glad,Marulanda,56366
104,Giraldo,BorÃ¥s,6200
58,Lizzie,Kangle,75437
681,Kelwin,Valenciennes,81884
988,Darcy,RegnÃ³w,82339
705,Toby,Woro,11300
840,Janey,Pingyi,68668
445,Danya,Utrecht (stad),55131
4,Cort,Luqiao,66835
672,Shelden,Outapi,7357
974,Mable,Baicaogou,27263
682,Linnet,Tisma,19996
777,Blisse,Sobral da AdiÃ§a,99112
225,Beniamino,Horodne,65208
95,Lotte,Harrison,25161
214,Guss,Elbasan,65210
25,Eduard,Tisno,35385
543,Ag,Mutoko,5621
691,Mikel,Frankfurt am Main,48101
672,Lynette,Carpenter,87044
944,Freda,ThÃ nh phá»‘ Báº¡c LiÃªu,34237
56,Esta,Jambangan,35049
944,Obadiah,Moxi,88993
874,Scotty,Arauca,33422
256,Galvin,Nagarakembang,67084
802,Bart,Wolfville,65827
667,Smith,Novohrad-Volynsâ€™kyy,27138
245,Jeanna,Nantes,81814
608,Sigfrid,Santiago dos Velhos,85665
437,Claire,Cuogang,37987
83,Abigael,Kan,10702
734,Janine,Mapalad,82803
221,Marylin,Daqingshan,40072
510,Evie,Ningâ€™an,58827
320,Vincents,Shache,80897
721,Hersh,Paris 14,62602
137,Blondell,Oum Hadjer,97125
838,Hamilton,Xiyuan,79992
393,Hattie,Kampong Thom,7264
472,Jodie,Hanghuadian,21829
461,Jud,Garnich,77277
153,Sloan,Chengxiang,30116
557,Maribelle,Majalengka,53006
969,Margaretha,Bolszewo,41015
700,Conroy,Laohekou,66311
204,Gaile,Gandajika,82291
888,Robby,DrosÃ¡to,45598
137,Berty,Bayan Gol,26016
843,Stace,Psebay,74791
511,Thedrick,Meilin,6226
47,Truman,Krayen,58815
821,Gilberta,WrzÄ…sowice,20168
597,Terrel,Chadian,64066
229,Sioux,Lannion,60066
284,Tamara,DÃ¼sseldorf,52248
851,Larina,Birmingham,87828
391,Osmund,Pessac,52783
907,Mira,Istres,39649
168,Noe,Sukosari,43526
158,Leena,Janaka,86841
933,Quintilla,OstrÃ³w Mazowiecka,13379
15,Leta,Hollola,73164
978,Rockey,Bongbong,43160
509,Seana,Mojogajeh,87241
6,Cob,PentaplÃ¡tano,14235
744,Guthry,NeÃ³polis,9587
581,Jennine,Rowotengah,47914
156,Ollie,Kayukembang,75474
511,Kaitlyn,Lumil,92201
609,Whitney,Borovoy,85046
483,Lewiss,Doroslovo,94639
138,Marti,á¸¨abÄ�bah,81364
125,Leeann,Sande Vila Nova,91548
464,Esteban,Nonohonis,55908
568,Rosemaria,Wang Noi,35291
349,Griffie,Kagalâ€™nitskaya,66899
371,Onfroi,Morrelgonj,97880
310,Elena,Buang,68147
223,Maybelle,Firovo,26147
143,Murdoch,Cihampelas,96897
916,Griz,Jetis,92559
536,Kerrie,Chelu,98614
597,Harlin,Qui Nhon,65595
881,Dud,Jaro,43787
264,Janos,Herby,50209
956,Theo,Balma,53211
771,Deni,Guradog,26741
258,Hans,PrudentÃ³polis,87307
297,Arlyne,Duanjia,16426
528,Marthena,Yueyang,31212
252,Loleta,Pombas,94650
709,Odelia,FrÃ¶sÃ¶n,87479
352,Toiboid,AstypÃ¡laia,57902
60,Stefa,Cikuya,92715
536,Wilone,Anhua,50282
468,Florina,HolÃ½Å¡ov,38456
202,Amalie,Rakiv Lis,76701
128,Karlens,Banjar Yehsatang,85167
43,Else,Al â€˜Awjah,46323
272,Clarabelle,Wydminy,89560
318,Stearn,Alburitel,75493
51,Umberto,Thá»‹ Tráº¥n Viá»‡t LÃ¢m,32132
74,Morty,NÃ©os SkopÃ³s,39575
757,Roderick,Belize City,28924
512,Wilburt,KrzyÅ¼owice,19222
181,Madel,Camden,61325
790,Meggy,Tolotangga,83035
527,Rudyard,QuimperlÃ©,10330
666,Cathleen,TrÃ  My,32564
189,Haskell,Handaqi,35685
176,Kitti,Santa Cruz,20085
39,Stanley,LouÄ�ovice,36452
776,Candice,Conchagua,6428
124,Rivi,Muang Xay,35548
279,Calla,Bailai,61349
796,Davita,Lyon,45407
471,Bronson,KÃ¥ge,83547
66,Innis,Xiangcheng,86738
604,Broddy,Xinghuo,98960
403,Palmer,Villiers,21248
916,Xylia,KalÄ�leh,64767
409,Thor,Xiashuitou,90158
927,Koressa,Sao Hai,19042
609,Caro,VÃ¤sterÃ¥s,44607
944,Lissa,Ballinteer,27093
626,Shell,Qui Nhon,21266
502,Llewellyn,Zalesnoye,36326
490,Esdras,JabÅ‚onica Polska,30593
71,Camille,Wanying,91018
